t_ms,ch,bssid,rssi,ssid
86,1,c2:a5:dd:1b:60:3b,-77,MERCURY_603B
88,1,c4:16:88:9a:06:5c,-89,Marine_Horse
172,1,44:df:65:f4:66:07,-90,logovo_SKUFov
251,1,e0:bb:0c:05:3a:69,-87,528
357,10,5c:62:8b:66:67:d2,-49,TP-Link_67D2
376,10,78:8c:b5:f5:e7:26,-82,ITMO
394,10,cc:d8:43:ca:9f:eb,-88,Xiaomi_DF62
404,10,b0:a7:b9:23:82:ee,-85,________ __ ________
842,10,00:eb:d8:11:99:9d,-56,
899,10,dc:8e:8d:9c:65:79,-91,netis-9C6572
1506,10,82:af:ca:28:4c:f8,-85,
9241,10,02:eb:d8:11:99:9d,-60,
11972,10,64:d1:54:63:44:f4,-89,Kubok
31607,10,d8:0d:17:46:46:1a,-69,spike
36524,10,80:af:ca:68:4c:f8,-85,Cudy-4CF8
