host_time_s,line
1791389967.316,"I,87,boot,spyscan-e2-sniffer,v0.1,transport=usb-serial-jtag"
1791389967.316,"A,139,1,c2:a5:dd:1b:60:3b,-67,MERCURY_603B"
1791389967.316,"A,156,1,cc:d8:43:ca:9f:eb,-79,Xiaomi_DF62"
1791389967.316,"A,205,1,c4:16:88:9a:06:5c,-87,Marine_Horse"
1791389967.517,"A,253,1,44:df:65:f4:66:07,-90,logovo_SKUFov"
1791389967.517,"B,287,1,c4:16:88:9a:06:5c,0,0,30,1,-87,A,c4:16:88:9a:06:5c"
1791389967.517,"B,287,1,f4:28:9d:ce:e6:09,30,1,0,0,-90,S,c4:16:88:9a:06:5c"
1791389967.517,"I,332,reset"
1791389967.517,"I,333,bin,100"
1791389967.517,"I,333,channel,10"
1791389967.517,"A,378,10,5c:62:8b:66:67:d2,-45,TP-Link_67D2"
1791389967.718,"M,636,baseline"
1791389968.531,"B,1387,10,5c:62:8b:66:67:d2,0,0,28,1,-45,A,5c:62:8b:66:67:d2"
1791389968.531,"B,1387,10,b2:db:ca:e6:29:a6,28,1,0,0,-29,S,5c:62:8b:66:67:d2"
1791389968.734,"B,1487,10,5c:62:8b:66:67:d2,0,0,56,2,-47,A,5c:62:8b:66:67:d2"
1791389968.734,"B,1487,10,b2:db:ca:e6:29:a6,56,2,0,0,-27,S,5c:62:8b:66:67:d2"
1791389968.734,"A,1553,10,82:af:ca:28:4c:f8,-85,"
1791389968.734,"B,1587,10,5c:62:8b:66:67:d2,0,0,28,1,-48,A,5c:62:8b:66:67:d2"
1791389968.734,"B,1587,10,b2:db:ca:e6:29:a6,28,1,0,0,-28,S,5c:62:8b:66:67:d2"
1791389968.734,"A,1610,10,b0:a7:b9:23:82:ee,-95,________ __ ________"
1791389968.939,"B,1687,10,5c:62:8b:66:67:d2,0,0,56,2,-48,A,5c:62:8b:66:67:d2"
1791389968.939,"B,1687,10,b2:db:ca:e6:29:a6,56,2,0,0,-28,S,5c:62:8b:66:67:d2"
1791389968.939,"B,1787,10,5c:62:8b:66:67:d2,0,0,56,2,-48,A,5c:62:8b:66:67:d2"
1791389968.939,"B,1787,10,b2:db:ca:e6:29:a6,56,2,0,0,-26,S,5c:62:8b:66:67:d2"
1791389969.142,"B,1887,10,5c:62:8b:66:67:d2,0,0,56,2,-48,A,5c:62:8b:66:67:d2"
1791389969.142,"B,1887,10,b2:db:ca:e6:29:a6,56,2,0,0,-28,S,5c:62:8b:66:67:d2"
1791389969.142,"A,2062,10,80:af:ca:68:4c:f8,-84,Cudy-4CF8"
1791389969.343,"B,2187,10,5c:62:8b:66:67:d2,0,0,56,2,-47,A,5c:62:8b:66:67:d2"
1791389969.343,"B,2187,10,b2:db:ca:e6:29:a6,56,2,0,0,-28,S,5c:62:8b:66:67:d2"
1791389969.548,"B,2287,10,5c:62:8b:66:67:d2,0,0,28,1,-46,A,5c:62:8b:66:67:d2"
1791389969.548,"B,2287,10,b2:db:ca:e6:29:a6,28,1,0,0,-28,S,5c:62:8b:66:67:d2"
1791389969.548,"B,2387,10,5c:62:8b:66:67:d2,0,0,28,1,-46,A,5c:62:8b:66:67:d2"
1791389969.548,"B,2387,10,b2:db:ca:e6:29:a6,28,1,0,0,-27,S,5c:62:8b:66:67:d2"
1791389969.749,"B,2587,10,5c:62:8b:66:67:d2,0,0,56,2,-47,A,5c:62:8b:66:67:d2"
1791389969.749,"B,2587,10,b2:db:ca:e6:29:a6,56,2,0,0,-26,S,5c:62:8b:66:67:d2"
1791389969.950,"B,2787,10,5c:62:8b:66:67:d2,0,0,56,2,-47,A,5c:62:8b:66:67:d2"
1791389969.950,"B,2787,10,b2:db:ca:e6:29:a6,56,2,0,0,-26,S,5c:62:8b:66:67:d2"
1791389970.152,"B,2987,10,5c:62:8b:66:67:d2,0,0,56,2,-47,A,5c:62:8b:66:67:d2"
1791389970.152,"B,2987,10,b2:db:ca:e6:29:a6,56,2,0,0,-28,S,5c:62:8b:66:67:d2"
1791389970.560,"B,3287,10,5c:62:8b:66:67:d2,0,0,56,2,-46,A,5c:62:8b:66:67:d2"
1791389970.560,"B,3287,10,b2:db:ca:e6:29:a6,56,2,0,0,-27,S,5c:62:8b:66:67:d2"
1791389970.560,"B,3387,10,5c:62:8b:66:67:d2,0,0,56,2,-45,A,5c:62:8b:66:67:d2"
1791389970.560,"B,3387,10,b2:db:ca:e6:29:a6,56,2,0,0,-28,S,5c:62:8b:66:67:d2"
1791389970.765,"B,3487,10,5c:62:8b:66:67:d2,0,0,56,2,-46,A,5c:62:8b:66:67:d2"
1791389970.765,"B,3487,10,b2:db:ca:e6:29:a6,56,2,0,0,-27,S,5c:62:8b:66:67:d2"
1791389970.765,"B,3587,10,5c:62:8b:66:67:d2,0,0,28,1,-46,A,5c:62:8b:66:67:d2"
1791389970.765,"B,3587,10,b2:db:ca:e6:29:a6,28,1,0,0,-27,S,5c:62:8b:66:67:d2"
1791389970.967,"A,3711,10,e0:bb:0c:05:3a:69,-85,528"
1791389971.775,"A,4641,10,00:eb:d8:11:99:9d,-68,"
1791389971.977,"A,4847,10,02:eb:d8:11:99:9d,-69,"
1791389972.178,"B,4987,10,5c:62:8b:66:67:d2,0,0,56,2,-45,A,5c:62:8b:66:67:d2"
1791389972.178,"B,4987,10,b2:db:ca:e6:29:a6,56,2,0,0,-26,S,5c:62:8b:66:67:d2"
1791389972.178,"B,5087,10,5c:62:8b:66:67:d2,0,0,28,1,-47,A,5c:62:8b:66:67:d2"
1791389972.178,"B,5087,10,b2:db:ca:e6:29:a6,28,1,0,0,-27,S,5c:62:8b:66:67:d2"
1791389972.178,"I,5089,stat,rx=128,drops=0,ch=10,bin=100,hop=0,heap=203064"
1791389972.381,"B,5187,10,5c:62:8b:66:67:d2,0,0,56,2,0,A,5c:62:8b:66:67:d2"
1791389972.381,"B,5187,10,b2:db:ca:e6:29:a6,56,2,0,0,-27,S,5c:62:8b:66:67:d2"
1791389972.381,"B,5287,10,5c:62:8b:66:67:d2,0,0,28,1,-49,A,5c:62:8b:66:67:d2"
1791389972.381,"B,5287,10,b2:db:ca:e6:29:a6,28,1,0,0,-27,S,5c:62:8b:66:67:d2"
1791389972.783,"B,5587,10,5c:62:8b:66:67:d2,0,0,28,1,-46,A,5c:62:8b:66:67:d2"
1791389972.783,"B,5587,10,b2:db:ca:e6:29:a6,28,1,0,0,-26,S,5c:62:8b:66:67:d2"
1791389972.783,"B,5687,10,5c:62:8b:66:67:d2,0,0,56,2,-47,A,5c:62:8b:66:67:d2"
1791389972.783,"B,5687,10,b2:db:ca:e6:29:a6,56,2,0,0,-26,S,5c:62:8b:66:67:d2"
1791389972.985,"B,5787,10,5c:62:8b:66:67:d2,0,0,84,3,-46,A,5c:62:8b:66:67:d2"
1791389972.985,"B,5787,10,b2:db:ca:e6:29:a6,84,3,0,0,-25,S,5c:62:8b:66:67:d2"
1791389972.985,"B,5887,10,5c:62:8b:66:67:d2,1908,18,56,2,-46,A,5c:62:8b:66:67:d2"
1791389972.985,"B,5887,10,b2:db:ca:e6:29:a6,56,2,0,0,-25,S,5c:62:8b:66:67:d2"
1791389972.985,"B,5887,10,72:3b:01:24:b7:c8,0,0,1908,18,0,S,5c:62:8b:66:67:d2"
1791389973.186,"B,5987,10,5c:62:8b:66:67:d2,0,0,56,2,-48,A,5c:62:8b:66:67:d2"
1791389973.186,"B,5987,10,b2:db:ca:e6:29:a6,56,2,0,0,-26,S,5c:62:8b:66:67:d2"
1791389973.186,"B,6087,10,5c:62:8b:66:67:d2,0,0,56,2,-48,A,5c:62:8b:66:67:d2"
1791389973.186,"B,6087,10,b2:db:ca:e6:29:a6,56,2,0,0,-24,S,5c:62:8b:66:67:d2"
1791389973.596,"B,6387,10,5c:62:8b:66:67:d2,0,0,56,2,-46,A,5c:62:8b:66:67:d2"
1791389973.596,"B,6387,10,b2:db:ca:e6:29:a6,56,2,0,0,-25,S,5c:62:8b:66:67:d2"
1791389973.596,"B,6487,10,5c:62:8b:66:67:d2,0,0,28,1,-46,A,5c:62:8b:66:67:d2"
1791389973.596,"B,6487,10,b2:db:ca:e6:29:a6,28,1,0,0,-26,S,5c:62:8b:66:67:d2"
1791389973.799,"B,6587,10,5c:62:8b:66:67:d2,0,0,28,1,-46,A,5c:62:8b:66:67:d2"
1791389973.799,"B,6587,10,b2:db:ca:e6:29:a6,28,1,0,0,-28,S,5c:62:8b:66:67:d2"
1791389973.799,"B,6687,10,5c:62:8b:66:67:d2,0,0,28,1,-46,A,5c:62:8b:66:67:d2"
1791389973.799,"B,6687,10,b2:db:ca:e6:29:a6,28,1,0,0,-26,S,5c:62:8b:66:67:d2"
1791389974.208,"B,7087,10,5c:62:8b:66:67:d2,0,0,28,1,-46,A,5c:62:8b:66:67:d2"
1791389974.208,"B,7087,10,b2:db:ca:e6:29:a6,28,1,0,0,-26,S,5c:62:8b:66:67:d2"
1791389974.411,"B,7187,10,5c:62:8b:66:67:d2,0,0,56,2,-46,A,5c:62:8b:66:67:d2"
1791389974.411,"B,7187,10,b2:db:ca:e6:29:a6,56,2,0,0,-26,S,5c:62:8b:66:67:d2"
1791389974.614,"B,7387,10,5c:62:8b:66:67:d2,0,0,28,1,-46,A,5c:62:8b:66:67:d2"
1791389974.614,"B,7387,10,b2:db:ca:e6:29:a6,28,1,0,0,-26,S,5c:62:8b:66:67:d2"
1791389975.833,"B,8687,10,5c:62:8b:66:67:d2,0,0,28,1,-45,A,5c:62:8b:66:67:d2"
1791389975.833,"B,8687,10,b2:db:ca:e6:29:a6,28,1,0,0,-28,S,5c:62:8b:66:67:d2"
1791389976.035,"B,8787,10,5c:62:8b:66:67:d2,0,0,28,1,-46,A,5c:62:8b:66:67:d2"
1791389976.035,"B,8787,10,b2:db:ca:e6:29:a6,28,1,0,0,-24,S,5c:62:8b:66:67:d2"
1791389976.035,"B,8887,10,5c:62:8b:66:67:d2,0,0,56,2,-46,A,5c:62:8b:66:67:d2"
1791389976.035,"B,8887,10,b2:db:ca:e6:29:a6,56,2,0,0,-26,S,5c:62:8b:66:67:d2"
1791389976.236,"B,8987,10,5c:62:8b:66:67:d2,0,0,56,2,-46,A,5c:62:8b:66:67:d2"
1791389976.236,"B,8987,10,b2:db:ca:e6:29:a6,56,2,0,0,-27,S,5c:62:8b:66:67:d2"
1791389976.236,"B,9087,10,5c:62:8b:66:67:d2,0,0,28,1,-47,A,5c:62:8b:66:67:d2"
1791389976.236,"B,9087,10,b2:db:ca:e6:29:a6,28,1,0,0,-26,S,5c:62:8b:66:67:d2"
1791389976.441,"B,9187,10,5c:62:8b:66:67:d2,0,0,28,1,-46,A,5c:62:8b:66:67:d2"
1791389976.441,"B,9187,10,b2:db:ca:e6:29:a6,28,1,0,0,-27,S,5c:62:8b:66:67:d2"
1791389976.642,"B,9387,10,5c:62:8b:66:67:d2,0,0,84,3,-46,A,5c:62:8b:66:67:d2"
1791389976.642,"B,9387,10,b2:db:ca:e6:29:a6,84,3,0,0,-27,S,5c:62:8b:66:67:d2"
1791389976.642,"B,9487,10,5c:62:8b:66:67:d2,0,0,28,1,-46,A,5c:62:8b:66:67:d2"
1791389976.642,"B,9487,10,b2:db:ca:e6:29:a6,28,1,0,0,-24,S,5c:62:8b:66:67:d2"
1791389976.847,"B,9587,10,5c:62:8b:66:67:d2,0,0,112,4,-46,A,5c:62:8b:66:67:d2"
1791389976.847,"B,9587,10,b2:db:ca:e6:29:a6,112,4,0,0,-27,S,5c:62:8b:66:67:d2"
1791389976.847,"B,9687,10,5c:62:8b:66:67:d2,0,0,28,1,-46,A,5c:62:8b:66:67:d2"
1791389976.847,"B,9687,10,b2:db:ca:e6:29:a6,28,1,0,0,-26,S,5c:62:8b:66:67:d2"
1791389977.052,"B,9887,10,5c:62:8b:66:67:d2,0,0,56,2,-45,A,5c:62:8b:66:67:d2"
1791389977.052,"B,9887,10,b2:db:ca:e6:29:a6,56,2,0,0,-25,S,5c:62:8b:66:67:d2"
1791389977.257,"B,9987,10,5c:62:8b:66:67:d2,0,0,56,2,-47,A,5c:62:8b:66:67:d2"
1791389977.257,"B,9987,10,b2:db:ca:e6:29:a6,56,2,0,0,-28,S,5c:62:8b:66:67:d2"
1791389977.257,"B,10087,10,5c:62:8b:66:67:d2,0,0,56,2,-47,A,5c:62:8b:66:67:d2"
1791389977.257,"B,10087,10,b2:db:ca:e6:29:a6,56,2,0,0,-25,S,5c:62:8b:66:67:d2"
1791389977.257,"I,10095,stat,rx=282,drops=0,ch=10,bin=100,hop=0,heap=203064"
1791389977.457,"B,10187,10,5c:62:8b:66:67:d2,0,0,28,1,-46,A,5c:62:8b:66:67:d2"
1791389977.457,"B,10187,10,b2:db:ca:e6:29:a6,28,1,0,0,-26,S,5c:62:8b:66:67:d2"
1791389977.867,"M,10724,slot,0,1"
1791389978.069,"B,10887,10,5c:62:8b:66:67:d2,2268,18,28,1,-46,A,5c:62:8b:66:67:d2"
1791389978.069,"B,10887,10,b2:db:ca:e6:29:a6,28,1,0,0,-25,S,5c:62:8b:66:67:d2"
1791389978.069,"B,10887,10,72:3b:01:24:b7:c8,0,0,2268,18,0,S,5c:62:8b:66:67:d2"
1791389978.270,"B,10987,10,5c:62:8b:66:67:d2,126,1,56,2,-45,A,5c:62:8b:66:67:d2"
1791389978.270,"B,10987,10,b2:db:ca:e6:29:a6,56,2,0,0,-26,S,5c:62:8b:66:67:d2"
1791389978.270,"B,10987,10,72:3b:01:24:b7:c8,0,0,126,1,0,S,5c:62:8b:66:67:d2"
1791389978.270,"B,11087,10,5c:62:8b:66:67:d2,0,0,56,2,-46,A,5c:62:8b:66:67:d2"
1791389978.270,"B,11087,10,b2:db:ca:e6:29:a6,56,2,0,0,-25,S,5c:62:8b:66:67:d2"
1791389978.270,"B,11187,10,5c:62:8b:66:67:d2,0,0,56,2,-46,A,5c:62:8b:66:67:d2"
1791389978.270,"B,11187,10,b2:db:ca:e6:29:a6,56,2,0,0,-26,S,5c:62:8b:66:67:d2"
1791389978.471,"B,11187,10,80:af:ca:68:4c:f8,494,1,0,0,-85,A,80:af:ca:68:4c:f8"
1791389978.471,"B,11287,10,5c:62:8b:66:67:d2,0,0,56,2,-46,A,5c:62:8b:66:67:d2"
1791389978.471,"B,11287,10,b2:db:ca:e6:29:a6,56,2,0,0,-25,S,5c:62:8b:66:67:d2"
1791389978.471,"B,11387,10,5c:62:8b:66:67:d2,0,0,56,2,-47,A,5c:62:8b:66:67:d2"
1791389978.471,"B,11387,10,b2:db:ca:e6:29:a6,56,2,0,0,-27,S,5c:62:8b:66:67:d2"
1791389978.471,"B,11387,10,80:af:ca:68:4c:f8,549,1,0,0,-89,A,80:af:ca:68:4c:f8"
1791389978.671,"B,11587,10,5c:62:8b:66:67:d2,0,0,28,1,-48,A,5c:62:8b:66:67:d2"
1791389978.876,"B,11587,10,b2:db:ca:e6:29:a6,28,1,0,0,-25,S,5c:62:8b:66:67:d2"
1791389979.077,"B,11887,10,5c:62:8b:66:67:d2,756,6,28,1,-47,A,5c:62:8b:66:67:d2"
1791389979.077,"B,11887,10,b2:db:ca:e6:29:a6,28,1,0,0,-25,S,5c:62:8b:66:67:d2"
1791389979.077,"B,11887,10,72:3b:01:24:b7:c8,0,0,756,6,0,S,5c:62:8b:66:67:d2"
1791389979.077,"B,11987,10,5c:62:8b:66:67:d2,1512,12,56,2,-46,A,5c:62:8b:66:67:d2"
1791389979.077,"B,11987,10,b2:db:ca:e6:29:a6,56,2,0,0,-26,S,5c:62:8b:66:67:d2"
1791389979.077,"B,11987,10,72:3b:01:24:b7:c8,0,0,1512,12,0,S,5c:62:8b:66:67:d2"
1791389979.279,"B,12087,10,5c:62:8b:66:67:d2,0,0,56,2,-45,A,5c:62:8b:66:67:d2"
1791389979.279,"B,12087,10,b2:db:ca:e6:29:a6,56,2,0,0,-27,S,5c:62:8b:66:67:d2"
1791389979.279,"B,12187,10,5c:62:8b:66:67:d2,0,0,84,3,-46,A,5c:62:8b:66:67:d2"
1791389979.279,"B,12187,10,b2:db:ca:e6:29:a6,84,3,0,0,-25,S,5c:62:8b:66:67:d2"
1791389979.481,"B,12287,10,5c:62:8b:66:67:d2,0,0,28,1,-47,A,5c:62:8b:66:67:d2"
1791389979.481,"B,12287,10,b2:db:ca:e6:29:a6,28,1,0,0,-27,S,5c:62:8b:66:67:d2"
1791389979.481,"B,12387,10,5c:62:8b:66:67:d2,0,0,56,2,-46,A,5c:62:8b:66:67:d2"
1791389979.481,"B,12387,10,b2:db:ca:e6:29:a6,56,2,0,0,-27,S,5c:62:8b:66:67:d2"
1791389979.683,"B,12487,10,5c:62:8b:66:67:d2,0,0,28,1,-47,A,5c:62:8b:66:67:d2"
1791389979.683,"B,12487,10,b2:db:ca:e6:29:a6,28,1,0,0,-25,S,5c:62:8b:66:67:d2"
1791389979.683,"B,12587,10,5c:62:8b:66:67:d2,0,0,28,1,-46,A,5c:62:8b:66:67:d2"
1791389979.683,"B,12587,10,b2:db:ca:e6:29:a6,28,1,0,0,-28,S,5c:62:8b:66:67:d2"
1791389980.092,"B,12887,10,5c:62:8b:66:67:d2,504,4,28,1,-46,A,5c:62:8b:66:67:d2"
1791389980.092,"B,12887,10,b2:db:ca:e6:29:a6,28,1,0,0,-28,S,5c:62:8b:66:67:d2"
1791389980.092,"B,12887,10,72:3b:01:24:b7:c8,0,0,504,4,0,S,5c:62:8b:66:67:d2"
1791389980.092,"B,12987,10,5c:62:8b:66:67:d2,1890,15,28,1,-46,A,5c:62:8b:66:67:d2"
1791389980.092,"B,12987,10,b2:db:ca:e6:29:a6,28,1,0,0,-23,S,5c:62:8b:66:67:d2"
1791389980.092,"B,12987,10,72:3b:01:24:b7:c8,0,0,1890,15,0,S,5c:62:8b:66:67:d2"
1791389980.294,"B,13087,10,5c:62:8b:66:67:d2,0,0,56,2,-46,A,5c:62:8b:66:67:d2"
1791389980.294,"B,13087,10,b2:db:ca:e6:29:a6,56,2,0,0,-25,S,5c:62:8b:66:67:d2"
1791389980.294,"B,13187,10,5c:62:8b:66:67:d2,0,0,56,2,-46,A,5c:62:8b:66:67:d2"
1791389980.294,"B,13187,10,b2:db:ca:e6:29:a6,56,2,0,0,-27,S,5c:62:8b:66:67:d2"
1791389980.499,"B,13287,10,5c:62:8b:66:67:d2,0,0,28,1,-48,A,5c:62:8b:66:67:d2"
1791389980.499,"B,13287,10,b2:db:ca:e6:29:a6,28,1,0,0,-28,S,5c:62:8b:66:67:d2"
1791389980.499,"B,13387,10,5c:62:8b:66:67:d2,0,0,56,2,-47,A,5c:62:8b:66:67:d2"
1791389980.499,"B,13387,10,b2:db:ca:e6:29:a6,56,2,0,0,-26,S,5c:62:8b:66:67:d2"
1791389980.700,"B,13487,10,5c:62:8b:66:67:d2,0,0,56,2,-47,A,5c:62:8b:66:67:d2"
1791389980.700,"B,13487,10,b2:db:ca:e6:29:a6,56,2,0,0,-26,S,5c:62:8b:66:67:d2"
1791389980.700,"B,13587,10,5c:62:8b:66:67:d2,0,0,28,1,0,A,5c:62:8b:66:67:d2"
1791389980.700,"B,13587,10,b2:db:ca:e6:29:a6,28,1,0,0,-26,S,5c:62:8b:66:67:d2"
1791389980.905,"B,13787,10,80:af:ca:68:4c:f8,84,1,0,0,-88,A,80:af:ca:68:4c:f8"
1791389981.720,"B,14587,10,80:af:ca:68:4c:f8,104,1,0,0,-89,A,80:af:ca:68:4c:f8"
1791389982.333,"I,15095,stat,rx=495,drops=0,ch=10,bin=100,hop=0,heap=203064"
1791389982.944,"B,15687,10,5c:62:8b:66:67:d2,0,0,84,3,-46,A,5c:62:8b:66:67:d2"
1791389982.944,"B,15687,10,b2:db:ca:e6:29:a6,84,3,0,0,-27,S,5c:62:8b:66:67:d2"
1791389982.944,"B,15787,10,5c:62:8b:66:67:d2,0,0,56,2,-47,A,5c:62:8b:66:67:d2"
1791389982.944,"B,15787,10,b2:db:ca:e6:29:a6,56,2,0,0,-25,S,5c:62:8b:66:67:d2"
1791389982.944,"M,15806,slot,1,0"
1791389983.146,"B,15887,10,5c:62:8b:66:67:d2,0,0,84,3,-47,A,5c:62:8b:66:67:d2"
1791389983.146,"B,15887,10,b2:db:ca:e6:29:a6,84,3,0,0,-25,S,5c:62:8b:66:67:d2"
1791389983.146,"B,15987,10,5c:62:8b:66:67:d2,0,0,28,1,-46,A,5c:62:8b:66:67:d2"
1791389983.146,"B,15987,10,b2:db:ca:e6:29:a6,28,1,0,0,-26,S,5c:62:8b:66:67:d2"
1791389983.349,"B,16087,10,5c:62:8b:66:67:d2,0,0,84,3,-47,A,5c:62:8b:66:67:d2"
1791389983.349,"B,16087,10,b2:db:ca:e6:29:a6,84,3,0,0,-26,S,5c:62:8b:66:67:d2"
1791389983.349,"B,16187,10,5c:62:8b:66:67:d2,0,0,56,2,-47,A,5c:62:8b:66:67:d2"
1791389983.349,"B,16187,10,b2:db:ca:e6:29:a6,56,2,0,0,-25,S,5c:62:8b:66:67:d2"
1791389983.555,"B,16287,10,5c:62:8b:66:67:d2,0,0,56,2,-47,A,5c:62:8b:66:67:d2"
1791389983.555,"B,16287,10,b2:db:ca:e6:29:a6,56,2,0,0,-24,S,5c:62:8b:66:67:d2"
1791389983.555,"B,16387,10,5c:62:8b:66:67:d2,0,0,56,2,-47,A,5c:62:8b:66:67:d2"
1791389983.555,"B,16387,10,b2:db:ca:e6:29:a6,56,2,0,0,-25,S,5c:62:8b:66:67:d2"
1791389983.760,"B,16487,10,5c:62:8b:66:67:d2,0,0,28,1,-48,A,5c:62:8b:66:67:d2"
1791389983.760,"B,16487,10,b2:db:ca:e6:29:a6,28,1,0,0,-26,S,5c:62:8b:66:67:d2"
1791389983.760,"B,16587,10,5c:62:8b:66:67:d2,0,0,28,1,-47,A,5c:62:8b:66:67:d2"
1791389983.760,"B,16587,10,b2:db:ca:e6:29:a6,28,1,0,0,-28,S,5c:62:8b:66:67:d2"
1791389983.961,"B,16687,10,80:af:ca:68:4c:f8,104,1,0,0,-88,A,80:af:ca:68:4c:f8"
1791389983.961,"B,16787,10,5c:62:8b:66:67:d2,0,0,56,2,-47,A,5c:62:8b:66:67:d2"
1791389983.961,"B,16787,10,b2:db:ca:e6:29:a6,56,2,0,0,-26,S,5c:62:8b:66:67:d2"
1791389984.163,"B,16887,10,80:af:ca:68:4c:f8,84,1,0,0,-86,A,80:af:ca:68:4c:f8"
1791389984.163,"B,16987,10,5c:62:8b:66:67:d2,0,0,28,1,-47,A,5c:62:8b:66:67:d2"
1791389984.163,"B,16987,10,b2:db:ca:e6:29:a6,28,1,0,0,-25,S,5c:62:8b:66:67:d2"
1791389984.367,"B,17087,10,5c:62:8b:66:67:d2,0,0,28,1,-46,A,5c:62:8b:66:67:d2"
1791389984.367,"B,17087,10,b2:db:ca:e6:29:a6,28,1,0,0,-26,S,5c:62:8b:66:67:d2"
1791389984.367,"B,17187,10,5c:62:8b:66:67:d2,0,0,28,1,-46,A,5c:62:8b:66:67:d2"
1791389984.367,"B,17187,10,b2:db:ca:e6:29:a6,28,1,0,0,-25,S,5c:62:8b:66:67:d2"
1791389984.569,"B,17287,10,5c:62:8b:66:67:d2,0,0,28,1,-47,A,5c:62:8b:66:67:d2"
1791389984.569,"B,17287,10,b2:db:ca:e6:29:a6,28,1,0,0,-28,S,5c:62:8b:66:67:d2"
1791389984.569,"B,17387,10,5c:62:8b:66:67:d2,0,0,28,1,-46,A,5c:62:8b:66:67:d2"
1791389984.569,"B,17387,10,b2:db:ca:e6:29:a6,28,1,0,0,-28,S,5c:62:8b:66:67:d2"
1791389985.183,"B,18087,10,5c:62:8b:66:67:d2,0,0,56,2,-46,A,5c:62:8b:66:67:d2"
1791389985.183,"B,18087,10,b2:db:ca:e6:29:a6,56,2,0,0,-26,S,5c:62:8b:66:67:d2"
1791389985.388,"B,18187,10,5c:62:8b:66:67:d2,0,0,56,2,-46,A,5c:62:8b:66:67:d2"
1791389985.388,"B,18187,10,b2:db:ca:e6:29:a6,56,2,0,0,-25,S,5c:62:8b:66:67:d2"
1791389985.593,"A,18385,10,d8:0d:17:46:46:1a,-68,spike"
1791389985.593,"B,18387,10,5c:62:8b:66:67:d2,0,0,56,2,-47,A,5c:62:8b:66:67:d2"
1791389985.593,"B,18387,10,b2:db:ca:e6:29:a6,56,2,0,0,-26,S,5c:62:8b:66:67:d2"
1791389985.593,"B,18487,10,5c:62:8b:66:67:d2,0,0,28,1,-47,A,5c:62:8b:66:67:d2"
1791389985.593,"B,18487,10,b2:db:ca:e6:29:a6,28,1,0,0,-26,S,5c:62:8b:66:67:d2"
1791389985.795,"B,18587,10,5c:62:8b:66:67:d2,1002,6,0,0,-47,A,5c:62:8b:66:67:d2"
1791389985.795,"B,18587,10,72:3b:01:24:b7:c8,0,0,1002,6,0,S,5c:62:8b:66:67:d2"
1791389985.795,"B,18687,10,5c:62:8b:66:67:d2,750,5,56,2,-47,A,5c:62:8b:66:67:d2"
1791389985.795,"B,18687,10,b2:db:ca:e6:29:a6,28,1,0,0,-28,S,5c:62:8b:66:67:d2"
1791389985.795,"B,18687,10,72:3b:01:24:b7:c8,28,1,750,5,-38,S,5c:62:8b:66:67:d2"
1791389986.000,"B,18887,10,5c:62:8b:66:67:d2,0,0,56,2,-46,A,5c:62:8b:66:67:d2"
1791389986.000,"B,18887,10,b2:db:ca:e6:29:a6,56,2,0,0,-26,S,5c:62:8b:66:67:d2"
1791389986.201,"B,19087,10,5c:62:8b:66:67:d2,0,0,84,3,-47,A,5c:62:8b:66:67:d2"
1791389986.201,"B,19087,10,b2:db:ca:e6:29:a6,28,1,0,0,-27,S,5c:62:8b:66:67:d2"
1791389986.201,"B,19087,10,72:3b:01:24:b7:c8,56,2,0,0,-36,S,5c:62:8b:66:67:d2"
1791389986.406,"B,19187,10,5c:62:8b:66:67:d2,0,0,56,2,-47,A,5c:62:8b:66:67:d2"
1791389986.406,"B,19187,10,b2:db:ca:e6:29:a6,56,2,0,0,-26,S,5c:62:8b:66:67:d2"
1791389986.406,"B,19287,10,5c:62:8b:66:67:d2,84,1,168,6,-48,A,5c:62:8b:66:67:d2"
1791389986.406,"B,19287,10,b2:db:ca:e6:29:a6,56,2,0,0,-26,S,5c:62:8b:66:67:d2"
1791389986.406,"B,19287,10,72:3b:01:24:b7:c8,112,4,0,0,-36,S,5c:62:8b:66:67:d2"
1791389986.609,"B,19487,10,5c:62:8b:66:67:d2,0,0,112,4,-47,A,5c:62:8b:66:67:d2"
1791389986.609,"B,19487,10,b2:db:ca:e6:29:a6,56,2,0,0,-25,S,5c:62:8b:66:67:d2"
1791389986.609,"B,19487,10,72:3b:01:24:b7:c8,56,2,0,0,-36,S,5c:62:8b:66:67:d2"
1791389986.814,"B,19587,10,5c:62:8b:66:67:d2,138,1,168,6,-49,A,5c:62:8b:66:67:d2"
1791389986.814,"B,19587,10,72:3b:01:24:b7:c8,168,6,0,0,-43,S,5c:62:8b:66:67:d2"
1791389986.814,"B,19687,10,5c:62:8b:66:67:d2,0,0,56,2,-47,A,5c:62:8b:66:67:d2"
1791389986.814,"B,19687,10,b2:db:ca:e6:29:a6,56,2,0,0,-26,S,5c:62:8b:66:67:d2"
1791389987.017,"B,19787,10,5c:62:8b:66:67:d2,0,0,140,5,-47,A,5c:62:8b:66:67:d2"
1791389987.017,"B,19787,10,72:3b:01:24:b7:c8,140,5,0,0,-35,S,5c:62:8b:66:67:d2"
1791389987.017,"B,19887,10,5c:62:8b:66:67:d2,161,1,84,3,-49,A,5c:62:8b:66:67:d2"
1791389987.017,"B,19887,10,b2:db:ca:e6:29:a6,28,1,0,0,-28,S,5c:62:8b:66:67:d2"
1791389987.017,"B,19887,10,72:3b:01:24:b7:c8,56,2,0,0,-36,S,5c:62:8b:66:67:d2"
1791389987.220,"B,19987,10,5c:62:8b:66:67:d2,0,0,28,1,-47,A,5c:62:8b:66:67:d2"
1791389987.220,"B,19987,10,72:3b:01:24:b7:c8,28,1,0,0,-39,S,5c:62:8b:66:67:d2"
1791389987.220,"I,20095,stat,rx=653,drops=0,ch=10,bin=100,hop=0,heap=203064"
1791389987.425,"B,20187,10,5c:62:8b:66:67:d2,0,0,28,1,-46,A,5c:62:8b:66:67:d2"
1791389987.425,"B,20187,10,72:3b:01:24:b7:c8,28,1,0,0,-38,S,5c:62:8b:66:67:d2"
1791389987.627,"B,20387,10,5c:62:8b:66:67:d2,0,0,140,5,-48,A,5c:62:8b:66:67:d2"
1791389987.627,"B,20387,10,72:3b:01:24:b7:c8,140,5,0,0,-36,S,5c:62:8b:66:67:d2"
1791389987.627,"B,20487,10,5c:62:8b:66:67:d2,175,1,56,2,-49,A,5c:62:8b:66:67:d2"
1791389987.627,"B,20487,10,72:3b:01:24:b7:c8,56,2,0,0,-36,S,5c:62:8b:66:67:d2"
1791389987.830,"B,20587,10,5c:62:8b:66:67:d2,0,0,28,1,-46,A,5c:62:8b:66:67:d2"
1791389987.830,"B,20587,10,72:3b:01:24:b7:c8,28,1,0,0,-39,S,5c:62:8b:66:67:d2"
1791389987.830,"B,20687,10,5c:62:8b:66:67:d2,0,0,84,3,-46,A,5c:62:8b:66:67:d2"
1791389987.830,"B,20687,10,b2:db:ca:e6:29:a6,56,2,0,0,-26,S,5c:62:8b:66:67:d2"
1791389987.830,"B,20687,10,72:3b:01:24:b7:c8,28,1,0,0,-39,S,5c:62:8b:66:67:d2"
1791389988.034,"B,20787,10,5c:62:8b:66:67:d2,0,0,56,2,-46,A,5c:62:8b:66:67:d2"
1791389988.034,"B,20787,10,b2:db:ca:e6:29:a6,28,1,0,0,-28,S,5c:62:8b:66:67:d2"
1791389988.034,"B,20787,10,72:3b:01:24:b7:c8,28,1,0,0,-34,S,5c:62:8b:66:67:d2"
1791389988.034,"M,20884,slot,2,1"
1791389988.034,"B,20887,10,5c:62:8b:66:67:d2,0,0,140,5,-47,A,5c:62:8b:66:67:d2"
1791389988.034,"B,20887,10,b2:db:ca:e6:29:a6,28,1,0,0,-26,S,5c:62:8b:66:67:d2"
1791389988.034,"B,20887,10,72:3b:01:24:b7:c8,112,4,0,0,-35,S,5c:62:8b:66:67:d2"
1791389988.234,"B,21087,10,5c:62:8b:66:67:d2,0,0,56,2,-47,A,5c:62:8b:66:67:d2"
1791389988.234,"B,21087,10,72:3b:01:24:b7:c8,56,2,0,0,-39,S,5c:62:8b:66:67:d2"
1791389988.234,"A,21153,10,e6:eb:0e:16:9b:da,-89,Redmi 10"
1791389988.439,"B,21187,10,5c:62:8b:66:67:d2,0,0,56,2,-46,A,5c:62:8b:66:67:d2"
1791389988.439,"B,21187,10,72:3b:01:24:b7:c8,56,2,0,0,-37,S,5c:62:8b:66:67:d2"
1791389988.439,"B,21287,10,5c:62:8b:66:67:d2,0,0,28,1,-47,A,5c:62:8b:66:67:d2"
1791389988.439,"B,21287,10,b2:db:ca:e6:29:a6,28,1,0,0,-28,S,5c:62:8b:66:67:d2"
1791389988.644,"B,21387,10,5c:62:8b:66:67:d2,0,0,28,1,-47,A,5c:62:8b:66:67:d2"
1791389988.644,"B,21387,10,b2:db:ca:e6:29:a6,28,1,0,0,-24,S,5c:62:8b:66:67:d2"
1791389988.644,"B,21487,10,5c:62:8b:66:67:d2,0,0,168,6,-48,A,5c:62:8b:66:67:d2"
1791389988.644,"B,21487,10,b2:db:ca:e6:29:a6,56,2,0,0,-25,S,5c:62:8b:66:67:d2"
1791389988.644,"B,21487,10,72:3b:01:24:b7:c8,112,4,0,0,-43,S,5c:62:8b:66:67:d2"
1791389988.849,"B,21587,10,5c:62:8b:66:67:d2,0,0,56,2,-47,A,5c:62:8b:66:67:d2"
1791389988.849,"B,21587,10,b2:db:ca:e6:29:a6,28,1,0,0,-26,S,5c:62:8b:66:67:d2"
1791389988.849,"B,21587,10,72:3b:01:24:b7:c8,28,1,0,0,-44,S,5c:62:8b:66:67:d2"
1791389988.849,"B,21687,10,5c:62:8b:66:67:d2,0,0,84,3,-46,A,5c:62:8b:66:67:d2"
1791389988.849,"B,21687,10,b2:db:ca:e6:29:a6,56,2,0,0,-27,S,5c:62:8b:66:67:d2"
1791389988.849,"B,21687,10,72:3b:01:24:b7:c8,28,1,0,0,-45,S,5c:62:8b:66:67:d2"
1791389989.050,"B,21787,10,5c:62:8b:66:67:d2,0,0,168,6,-47,A,5c:62:8b:66:67:d2"
1791389989.050,"B,21787,10,b2:db:ca:e6:29:a6,56,2,0,0,-25,S,5c:62:8b:66:67:d2"
1791389989.050,"B,21787,10,72:3b:01:24:b7:c8,112,4,0,0,-44,S,5c:62:8b:66:67:d2"
1791389989.050,"B,21887,10,5c:62:8b:66:67:d2,0,0,28,1,-47,A,5c:62:8b:66:67:d2"
1791389989.050,"B,21887,10,b2:db:ca:e6:29:a6,28,1,0,0,-27,S,5c:62:8b:66:67:d2"
1791389989.255,"B,21987,10,5c:62:8b:66:67:d2,0,0,168,6,-47,A,5c:62:8b:66:67:d2"
1791389989.255,"B,21987,10,b2:db:ca:e6:29:a6,56,2,0,0,-26,S,5c:62:8b:66:67:d2"
1791389989.255,"B,21987,10,80:af:ca:68:4c:f8,84,1,0,0,-85,A,80:af:ca:68:4c:f8"
1791389989.255,"B,21987,10,72:3b:01:24:b7:c8,112,4,0,0,-43,S,5c:62:8b:66:67:d2"
1791389989.255,"B,22087,10,5c:62:8b:66:67:d2,0,0,56,2,-46,A,5c:62:8b:66:67:d2"
1791389989.255,"B,22087,10,b2:db:ca:e6:29:a6,56,2,0,0,-26,S,5c:62:8b:66:67:d2"
1791389989.460,"B,22187,10,5c:62:8b:66:67:d2,0,0,56,2,-47,A,5c:62:8b:66:67:d2"
1791389989.460,"B,22187,10,b2:db:ca:e6:29:a6,56,2,0,0,-25,S,5c:62:8b:66:67:d2"
1791389989.460,"B,22287,10,5c:62:8b:66:67:d2,0,0,112,4,0,A,5c:62:8b:66:67:d2"
1791389989.460,"B,22287,10,b2:db:ca:e6:29:a6,84,3,0,0,-25,S,5c:62:8b:66:67:d2"
1791389989.460,"B,22287,10,72:3b:01:24:b7:c8,28,1,0,0,-44,S,5c:62:8b:66:67:d2"
1791389989.663,"B,22387,10,5c:62:8b:66:67:d2,0,0,28,1,-46,A,5c:62:8b:66:67:d2"
1791389989.663,"B,22387,10,b2:db:ca:e6:29:a6,28,1,0,0,-25,S,5c:62:8b:66:67:d2"
1791389989.663,"B,22487,10,5c:62:8b:66:67:d2,0,0,28,1,-46,A,5c:62:8b:66:67:d2"
1791389989.663,"B,22487,10,b2:db:ca:e6:29:a6,28,1,0,0,-26,S,5c:62:8b:66:67:d2"
1791389989.867,"B,22587,10,5c:62:8b:66:67:d2,0,0,56,2,-46,A,5c:62:8b:66:67:d2"
1791389989.867,"B,22587,10,b2:db:ca:e6:29:a6,56,2,0,0,-28,S,5c:62:8b:66:67:d2"
1791389989.867,"B,22687,10,5c:62:8b:66:67:d2,0,0,56,2,-47,A,5c:62:8b:66:67:d2"
1791389989.867,"B,22687,10,b2:db:ca:e6:29:a6,56,2,0,0,-26,S,5c:62:8b:66:67:d2"
1791389990.069,"B,22787,10,5c:62:8b:66:67:d2,0,0,28,1,-46,A,5c:62:8b:66:67:d2"
1791389990.069,"B,22787,10,b2:db:ca:e6:29:a6,28,1,0,0,-26,S,5c:62:8b:66:67:d2"
1791389990.069,"B,22887,10,5c:62:8b:66:67:d2,0,0,28,1,-46,A,5c:62:8b:66:67:d2"
1791389990.069,"B,22887,10,b2:db:ca:e6:29:a6,28,1,0,0,-28,S,5c:62:8b:66:67:d2"
1791389990.270,"B,22987,10,5c:62:8b:66:67:d2,0,0,56,2,-46,A,5c:62:8b:66:67:d2"
1791389990.270,"B,22987,10,b2:db:ca:e6:29:a6,56,2,0,0,-25,S,5c:62:8b:66:67:d2"
1791389990.270,"B,23087,10,5c:62:8b:66:67:d2,0,0,56,2,-47,A,5c:62:8b:66:67:d2"
1791389990.270,"B,23087,10,b2:db:ca:e6:29:a6,56,2,0,0,-25,S,5c:62:8b:66:67:d2"
1791389990.270,"B,23187,10,5c:62:8b:66:67:d2,0,0,56,2,-47,A,5c:62:8b:66:67:d2"
1791389990.270,"B,23187,10,b2:db:ca:e6:29:a6,56,2,0,0,-28,S,5c:62:8b:66:67:d2"
1791389990.470,"B,23287,10,5c:62:8b:66:67:d2,0,0,28,1,-48,A,5c:62:8b:66:67:d2"
1791389990.470,"B,23287,10,b2:db:ca:e6:29:a6,28,1,0,0,-25,S,5c:62:8b:66:67:d2"
1791389990.470,"B,23387,10,5c:62:8b:66:67:d2,0,0,56,2,-46,A,5c:62:8b:66:67:d2"
1791389990.470,"B,23387,10,b2:db:ca:e6:29:a6,56,2,0,0,-27,S,5c:62:8b:66:67:d2"
1791389990.670,"B,23487,10,5c:62:8b:66:67:d2,0,0,84,3,-46,A,5c:62:8b:66:67:d2"
1791389990.670,"B,23487,10,b2:db:ca:e6:29:a6,56,2,0,0,-27,S,5c:62:8b:66:67:d2"
1791389990.670,"B,23487,10,72:3b:01:24:b7:c8,28,1,0,0,-44,S,5c:62:8b:66:67:d2"
1791389990.670,"B,23587,10,5c:62:8b:66:67:d2,175,1,84,3,-49,A,5c:62:8b:66:67:d2"
1791389990.871,"B,23587,10,b2:db:ca:e6:29:a6,56,2,0,0,-26,S,5c:62:8b:66:67:d2"
1791389990.871,"B,23587,10,72:3b:01:24:b7:c8,28,1,0,0,-45,S,5c:62:8b:66:67:d2"
1791389990.871,"B,23687,10,5c:62:8b:66:67:d2,0,0,56,2,-47,A,5c:62:8b:66:67:d2"
1791389990.871,"B,23687,10,b2:db:ca:e6:29:a6,56,2,0,0,-27,S,5c:62:8b:66:67:d2"
1791389990.871,"B,23787,10,5c:62:8b:66:67:d2,0,0,28,1,-46,A,5c:62:8b:66:67:d2"
1791389990.871,"B,23787,10,b2:db:ca:e6:29:a6,28,1,0,0,-26,S,5c:62:8b:66:67:d2"
1791389991.076,"B,23887,10,38:d5:7a:f4:5a:37,30,1,0,0,-94,S,46:fb:cf:a9:f4:22"
1791389991.076,"B,23887,10,46:fb:cf:a9:f4:22,0,0,30,1,0,A,46:fb:cf:a9:f4:22"
1791389991.278,"B,24087,10,5c:62:8b:66:67:d2,0,0,56,2,-46,A,5c:62:8b:66:67:d2"
1791389991.278,"B,24087,10,b2:db:ca:e6:29:a6,56,2,0,0,-28,S,5c:62:8b:66:67:d2"
1791389991.278,"B,24187,10,5c:62:8b:66:67:d2,0,0,56,2,-47,A,5c:62:8b:66:67:d2"
1791389991.278,"B,24187,10,b2:db:ca:e6:29:a6,56,2,0,0,-25,S,5c:62:8b:66:67:d2"
1791389991.480,"B,24287,10,5c:62:8b:66:67:d2,0,0,84,3,-47,A,5c:62:8b:66:67:d2"
1791389991.480,"B,24287,10,b2:db:ca:e6:29:a6,84,3,0,0,-26,S,5c:62:8b:66:67:d2"
1791389991.480,"B,24287,10,46:fb:cf:a9:f4:22,0,0,28,1,0,A,46:fb:cf:a9:f4:22"
1791389991.480,"B,24287,10,d2:cf:53:d5:b8:26,28,1,0,0,-92,S,46:fb:cf:a9:f4:22"
1791389991.480,"B,24387,10,5c:62:8b:66:67:d2,0,0,28,1,-46,A,5c:62:8b:66:67:d2"
1791389991.480,"B,24387,10,b2:db:ca:e6:29:a6,28,1,0,0,-26,S,5c:62:8b:66:67:d2"
1791389991.480,"B,24387,10,46:fb:cf:a9:f4:22,0,0,28,1,0,A,46:fb:cf:a9:f4:22"
1791389991.480,"B,24387,10,d2:cf:53:d5:b8:26,28,1,0,0,-94,S,46:fb:cf:a9:f4:22"
1791389991.683,"B,24487,10,5c:62:8b:66:67:d2,0,0,56,2,-46,A,5c:62:8b:66:67:d2"
1791389991.683,"B,24487,10,b2:db:ca:e6:29:a6,56,2,0,0,-26,S,5c:62:8b:66:67:d2"
1791389991.683,"B,24587,10,5c:62:8b:66:67:d2,0,0,56,2,-46,A,5c:62:8b:66:67:d2"
1791389991.683,"B,24587,10,b2:db:ca:e6:29:a6,56,2,0,0,-26,S,5c:62:8b:66:67:d2"
1791389991.886,"B,24687,10,5c:62:8b:66:67:d2,0,0,56,2,-46,A,5c:62:8b:66:67:d2"
1791389991.886,"B,24687,10,b2:db:ca:e6:29:a6,56,2,0,0,-26,S,5c:62:8b:66:67:d2"
1791389991.886,"B,24787,10,5c:62:8b:66:67:d2,0,0,28,1,-46,A,5c:62:8b:66:67:d2"
1791389991.886,"B,24787,10,b2:db:ca:e6:29:a6,28,1,0,0,-26,S,5c:62:8b:66:67:d2"
1791389992.091,"B,24887,10,5c:62:8b:66:67:d2,0,0,28,1,-46,A,5c:62:8b:66:67:d2"
1791389992.091,"B,24887,10,b2:db:ca:e6:29:a6,28,1,0,0,-26,S,5c:62:8b:66:67:d2"
1791389992.091,"B,24987,10,5c:62:8b:66:67:d2,0,0,28,1,-48,A,5c:62:8b:66:67:d2"
1791389992.091,"B,24987,10,b2:db:ca:e6:29:a6,28,1,0,0,-25,S,5c:62:8b:66:67:d2"
1791389992.296,"I,25098,stat,rx=835,drops=0,ch=10,bin=100,hop=0,heap=203064"
1791389992.911,"B,25687,10,5c:62:8b:66:67:d2,0,0,56,2,-46,A,5c:62:8b:66:67:d2"
1791389992.911,"B,25687,10,b2:db:ca:e6:29:a6,56,2,0,0,-27,S,5c:62:8b:66:67:d2"
1791389992.911,"B,25787,10,5c:62:8b:66:67:d2,0,0,56,2,-48,A,5c:62:8b:66:67:d2"
1791389992.911,"B,25787,10,b2:db:ca:e6:29:a6,56,2,0,0,-26,S,5c:62:8b:66:67:d2"
1791389993.116,"B,25887,10,5c:62:8b:66:67:d2,0,0,28,1,-48,A,5c:62:8b:66:67:d2"
1791389993.116,"B,25887,10,b2:db:ca:e6:29:a6,28,1,0,0,-28,S,5c:62:8b:66:67:d2"
1791389993.116,"M,25956,slot,3,1"
1791389993.116,"B,25987,10,5c:62:8b:66:67:d2,0,0,56,2,-46,A,5c:62:8b:66:67:d2"
1791389993.116,"B,25987,10,b2:db:ca:e6:29:a6,56,2,0,0,-27,S,5c:62:8b:66:67:d2"
1791389993.317,"B,26087,10,5c:62:8b:66:67:d2,0,0,28,1,-46,A,5c:62:8b:66:67:d2"
1791389993.317,"B,26087,10,b2:db:ca:e6:29:a6,28,1,0,0,-25,S,5c:62:8b:66:67:d2"
1791389994.944,"B,27787,10,5c:62:8b:66:67:d2,0,0,28,1,-45,A,5c:62:8b:66:67:d2"
1791389994.944,"B,27787,10,b2:db:ca:e6:29:a6,28,1,0,0,-26,S,5c:62:8b:66:67:d2"
1791389995.145,"B,27887,10,5c:62:8b:66:67:d2,0,0,56,2,-47,A,5c:62:8b:66:67:d2"
1791389995.145,"B,27887,10,b2:db:ca:e6:29:a6,56,2,0,0,-25,S,5c:62:8b:66:67:d2"
1791389995.145,"B,27987,10,38:d5:7a:f4:5a:37,30,1,0,0,-95,S,46:fb:cf:a9:f4:22"
1791389995.145,"B,27987,10,46:fb:cf:a9:f4:22,0,0,30,1,0,A,46:fb:cf:a9:f4:22"
1791389995.350,"B,28087,10,5c:62:8b:66:67:d2,0,0,140,5,-47,A,5c:62:8b:66:67:d2"
1791389995.350,"B,28087,10,b2:db:ca:e6:29:a6,112,4,0,0,-26,S,5c:62:8b:66:67:d2"
1791389995.350,"B,28087,10,72:3b:01:24:b7:c8,28,1,0,0,-43,S,5c:62:8b:66:67:d2"
1791389995.350,"B,28187,10,5c:62:8b:66:67:d2,0,0,28,1,-47,A,5c:62:8b:66:67:d2"
1791389995.350,"B,28187,10,72:3b:01:24:b7:c8,28,1,0,0,-45,S,5c:62:8b:66:67:d2"
1791389995.550,"B,28287,10,5c:62:8b:66:67:d2,0,0,56,2,-47,A,5c:62:8b:66:67:d2"
1791389995.550,"B,28287,10,b2:db:ca:e6:29:a6,56,2,0,0,-25,S,5c:62:8b:66:67:d2"
1791389995.550,"B,28387,10,5c:62:8b:66:67:d2,0,0,56,2,-46,A,5c:62:8b:66:67:d2"
1791389995.550,"B,28387,10,b2:db:ca:e6:29:a6,56,2,0,0,-26,S,5c:62:8b:66:67:d2"
1791389995.755,"B,28487,10,5c:62:8b:66:67:d2,0,0,28,1,-47,A,5c:62:8b:66:67:d2"
1791389995.755,"B,28487,10,b2:db:ca:e6:29:a6,28,1,0,0,-25,S,5c:62:8b:66:67:d2"
1791389995.755,"B,28587,10,5c:62:8b:66:67:d2,0,0,28,1,-47,A,5c:62:8b:66:67:d2"
1791389995.755,"B,28587,10,b2:db:ca:e6:29:a6,28,1,0,0,-26,S,5c:62:8b:66:67:d2"
1791389995.755,"B,28587,10,38:d5:7a:f4:5a:37,30,1,0,0,-93,S,46:fb:cf:a9:f4:22"
1791389995.755,"B,28587,10,46:fb:cf:a9:f4:22,0,0,30,1,0,A,46:fb:cf:a9:f4:22"
1791389995.959,"B,28787,10,5c:62:8b:66:67:d2,0,0,56,2,-47,A,5c:62:8b:66:67:d2"
1791389995.959,"B,28787,10,b2:db:ca:e6:29:a6,56,2,0,0,-25,S,5c:62:8b:66:67:d2"
1791389996.164,"B,28887,10,5c:62:8b:66:67:d2,0,0,56,2,-47,A,5c:62:8b:66:67:d2"
1791389996.164,"B,28887,10,b2:db:ca:e6:29:a6,56,2,0,0,-27,S,5c:62:8b:66:67:d2"
1791389996.164,"B,28987,10,5c:62:8b:66:67:d2,0,0,28,1,-46,A,5c:62:8b:66:67:d2"
1791389996.164,"B,28987,10,b2:db:ca:e6:29:a6,28,1,0,0,-26,S,5c:62:8b:66:67:d2"
1791389996.365,"B,29087,10,5c:62:8b:66:67:d2,0,0,56,2,-47,A,5c:62:8b:66:67:d2"
1791389996.365,"B,29087,10,b2:db:ca:e6:29:a6,56,2,0,0,-26,S,5c:62:8b:66:67:d2"
1791389996.365,"B,29187,10,5c:62:8b:66:67:d2,0,0,28,1,-46,A,5c:62:8b:66:67:d2"
1791389996.365,"B,29187,10,b2:db:ca:e6:29:a6,28,1,0,0,-28,S,5c:62:8b:66:67:d2"
1791389996.570,"B,29287,10,5c:62:8b:66:67:d2,0,0,28,1,-46,A,5c:62:8b:66:67:d2"
1791389996.570,"B,29287,10,b2:db:ca:e6:29:a6,28,1,0,0,-26,S,5c:62:8b:66:67:d2"
1791389996.771,"B,29687,10,5c:62:8b:66:67:d2,0,0,28,1,-45,A,5c:62:8b:66:67:d2"
1791389996.771,"B,29687,10,b2:db:ca:e6:29:a6,28,1,0,0,-26,S,5c:62:8b:66:67:d2"
1791389996.771,"B,29687,10,38:d5:7a:f4:5a:37,60,2,0,0,-93,S,46:fb:cf:a9:f4:22"
1791389996.771,"B,29687,10,46:fb:cf:a9:f4:22,0,0,60,2,0,A,46:fb:cf:a9:f4:22"
1791389996.973,"B,29787,10,5c:62:8b:66:67:d2,0,0,56,2,-46,A,5c:62:8b:66:67:d2"
1791389996.973,"B,29787,10,b2:db:ca:e6:29:a6,56,2,0,0,-25,S,5c:62:8b:66:67:d2"
1791389997.174,"B,29987,10,5c:62:8b:66:67:d2,0,0,28,1,-45,A,5c:62:8b:66:67:d2"
1791389997.174,"B,29987,10,b2:db:ca:e6:29:a6,28,1,0,0,-28,S,5c:62:8b:66:67:d2"
1791389997.174,"B,30087,10,5c:62:8b:66:67:d2,0,0,28,1,-45,A,5c:62:8b:66:67:d2"
1791389997.174,"B,30087,10,b2:db:ca:e6:29:a6,28,1,0,0,-28,S,5c:62:8b:66:67:d2"
1791389997.374,"I,30098,stat,rx=961,drops=0,ch=10,bin=100,hop=0,heap=203064"
1791389997.374,"B,30187,10,5c:62:8b:66:67:d2,0,0,28,1,-45,A,5c:62:8b:66:67:d2"
1791389997.374,"B,30187,10,b2:db:ca:e6:29:a6,28,1,0,0,-28,S,5c:62:8b:66:67:d2"
1791389998.200,"M,31037,slot,4,0"
1791389998.405,"B,31187,10,5c:62:8b:66:67:d2,0,0,84,3,-44,A,5c:62:8b:66:67:d2"
1791389998.405,"B,31187,10,b2:db:ca:e6:29:a6,84,3,0,0,-26,S,5c:62:8b:66:67:d2"
1791389998.608,"B,31387,10,5c:62:8b:66:67:d2,0,0,84,3,-44,A,5c:62:8b:66:67:d2"
1791389998.608,"B,31387,10,b2:db:ca:e6:29:a6,84,3,0,0,-26,S,5c:62:8b:66:67:d2"
1791389998.608,"B,31487,10,5c:62:8b:66:67:d2,0,0,56,2,-45,A,5c:62:8b:66:67:d2"
1791389998.608,"B,31487,10,b2:db:ca:e6:29:a6,56,2,0,0,-26,S,5c:62:8b:66:67:d2"
1791389998.813,"B,31587,10,5c:62:8b:66:67:d2,0,0,84,3,-46,A,5c:62:8b:66:67:d2"
1791389998.813,"B,31587,10,b2:db:ca:e6:29:a6,84,3,0,0,-26,S,5c:62:8b:66:67:d2"
1791389998.813,"B,31587,10,38:d5:7a:f4:5a:37,90,3,0,0,-92,S,46:fb:cf:a9:f4:22"
1791389998.813,"B,31587,10,46:fb:cf:a9:f4:22,0,0,90,3,0,A,46:fb:cf:a9:f4:22"
1791389999.015,"B,31787,10,5c:62:8b:66:67:d2,0,0,84,3,-45,A,5c:62:8b:66:67:d2"
1791389999.015,"B,31787,10,b2:db:ca:e6:29:a6,84,3,0,0,-26,S,5c:62:8b:66:67:d2"
1791389999.015,"B,31887,10,5c:62:8b:66:67:d2,0,0,56,2,-46,A,5c:62:8b:66:67:d2"
1791389999.015,"B,31887,10,b2:db:ca:e6:29:a6,56,2,0,0,-27,S,5c:62:8b:66:67:d2"
1791389999.220,"B,31987,10,5c:62:8b:66:67:d2,0,0,56,2,-43,A,5c:62:8b:66:67:d2"
1791389999.220,"B,31987,10,b2:db:ca:e6:29:a6,56,2,0,0,-27,S,5c:62:8b:66:67:d2"
1791389999.220,"B,32087,10,5c:62:8b:66:67:d2,0,0,56,2,-44,A,5c:62:8b:66:67:d2"
1791389999.220,"B,32087,10,b2:db:ca:e6:29:a6,56,2,0,0,-27,S,5c:62:8b:66:67:d2"
1791389999.425,"B,32187,10,5c:62:8b:66:67:d2,0,0,28,1,-43,A,5c:62:8b:66:67:d2"
1791389999.425,"B,32187,10,b2:db:ca:e6:29:a6,28,1,0,0,-27,S,5c:62:8b:66:67:d2"
1791390000.241,"B,32987,10,38:d5:7a:f4:5a:37,30,1,0,0,-94,S,46:fb:cf:a9:f4:22"
1791390000.241,"B,32987,10,46:fb:cf:a9:f4:22,0,0,30,1,0,A,46:fb:cf:a9:f4:22"
1791390000.241,"B,33087,10,38:d5:7a:f4:5a:37,30,1,0,0,-95,S,46:fb:cf:a9:f4:22"
1791390000.241,"B,33087,10,46:fb:cf:a9:f4:22,0,0,30,1,0,A,46:fb:cf:a9:f4:22"
1791390000.446,"B,33187,10,38:d5:7a:f4:5a:37,30,1,0,0,-96,S,46:fb:cf:a9:f4:22"
1791390000.446,"B,33187,10,46:fb:cf:a9:f4:22,0,0,30,1,0,A,46:fb:cf:a9:f4:22"
1791390001.056,"B,33787,10,80:af:ca:68:4c:f8,80,1,0,0,-84,A,80:af:ca:68:4c:f8"
1791390001.465,"B,34287,10,80:af:ca:68:4c:f8,84,1,0,0,-84,A,80:af:ca:68:4c:f8"
1791390002.284,"I,35099,stat,rx=1072,drops=0,ch=10,bin=100,hop=0,heap=203064"
1791390002.899,"B,35687,10,5c:62:8b:66:67:d2,0,0,28,1,-45,A,5c:62:8b:66:67:d2"
1791390002.899,"B,35687,10,b2:db:ca:e6:29:a6,28,1,0,0,-27,S,5c:62:8b:66:67:d2"
1791390002.899,"B,35787,10,5c:62:8b:66:67:d2,0,0,84,3,-47,A,5c:62:8b:66:67:d2"
1791390002.899,"B,35787,10,b2:db:ca:e6:29:a6,84,3,0,0,-27,S,5c:62:8b:66:67:d2"
1791390003.100,"B,35887,10,5c:62:8b:66:67:d2,0,0,28,1,-47,A,5c:62:8b:66:67:d2"
1791390003.100,"B,35887,10,b2:db:ca:e6:29:a6,28,1,0,0,-27,S,5c:62:8b:66:67:d2"
1791390003.100,"B,35987,10,5c:62:8b:66:67:d2,0,0,56,2,-48,A,5c:62:8b:66:67:d2"
1791390003.100,"B,35987,10,b2:db:ca:e6:29:a6,56,2,0,0,-26,S,5c:62:8b:66:67:d2"
1791390003.304,"B,36087,10,5c:62:8b:66:67:d2,0,0,56,2,-46,A,5c:62:8b:66:67:d2"
1791390003.304,"B,36087,10,b2:db:ca:e6:29:a6,56,2,0,0,-26,S,5c:62:8b:66:67:d2"
1791390003.304,"M,36116,slot,5,0"
1791390003.304,"B,36187,10,5c:62:8b:66:67:d2,0,0,56,2,-46,A,5c:62:8b:66:67:d2"
1791390003.304,"B,36187,10,b2:db:ca:e6:29:a6,56,2,0,0,-28,S,5c:62:8b:66:67:d2"
1791390003.509,"B,36287,10,5c:62:8b:66:67:d2,0,0,56,2,-46,A,5c:62:8b:66:67:d2"
1791390003.509,"B,36287,10,b2:db:ca:e6:29:a6,56,2,0,0,-28,S,5c:62:8b:66:67:d2"
1791390003.714,"B,36487,10,5c:62:8b:66:67:d2,0,0,56,2,-46,A,5c:62:8b:66:67:d2"
1791390003.714,"B,36487,10,b2:db:ca:e6:29:a6,56,2,0,0,-28,S,5c:62:8b:66:67:d2"
1791390003.714,"B,36587,10,5c:62:8b:66:67:d2,0,0,56,2,-47,A,5c:62:8b:66:67:d2"
1791390003.714,"B,36587,10,b2:db:ca:e6:29:a6,56,2,0,0,-29,S,5c:62:8b:66:67:d2"
1791390003.919,"B,36687,10,5c:62:8b:66:67:d2,0,0,56,2,-46,A,5c:62:8b:66:67:d2"
1791390003.919,"B,36687,10,b2:db:ca:e6:29:a6,56,2,0,0,-28,S,5c:62:8b:66:67:d2"
1791390003.919,"B,36687,10,80:af:ca:68:4c:f8,104,1,0,0,-82,A,80:af:ca:68:4c:f8"
1791390003.919,"B,36787,10,5c:62:8b:66:67:d2,0,0,56,2,-46,A,5c:62:8b:66:67:d2"
1791390003.919,"B,36787,10,b2:db:ca:e6:29:a6,56,2,0,0,-27,S,5c:62:8b:66:67:d2"
1791390004.125,"B,36887,10,5c:62:8b:66:67:d2,0,0,28,1,-46,A,5c:62:8b:66:67:d2"
1791390004.125,"B,36887,10,b2:db:ca:e6:29:a6,28,1,0,0,-28,S,5c:62:8b:66:67:d2"
1791390004.125,"B,36987,10,5c:62:8b:66:67:d2,0,0,28,1,-46,A,5c:62:8b:66:67:d2"
1791390004.125,"B,36987,10,b2:db:ca:e6:29:a6,28,1,0,0,-29,S,5c:62:8b:66:67:d2"
1791390004.328,"B,37087,10,5c:62:8b:66:67:d2,0,0,56,2,-46,A,5c:62:8b:66:67:d2"
1791390004.328,"B,37087,10,b2:db:ca:e6:29:a6,56,2,0,0,-27,S,5c:62:8b:66:67:d2"
1791390004.328,"B,37187,10,5c:62:8b:66:67:d2,0,0,56,2,-46,A,5c:62:8b:66:67:d2"
1791390004.328,"B,37187,10,b2:db:ca:e6:29:a6,56,2,0,0,-27,S,5c:62:8b:66:67:d2"
1791390004.530,"B,37287,10,5c:62:8b:66:67:d2,0,0,28,1,-46,A,5c:62:8b:66:67:d2"
1791390004.530,"B,37287,10,b2:db:ca:e6:29:a6,28,1,0,0,-28,S,5c:62:8b:66:67:d2"
1791390004.734,"B,37487,10,5c:62:8b:66:67:d2,0,0,28,1,-46,A,5c:62:8b:66:67:d2"
1791390004.734,"B,37487,10,b2:db:ca:e6:29:a6,28,1,0,0,-27,S,5c:62:8b:66:67:d2"
1791390005.553,"B,38387,10,5c:62:8b:66:67:d2,0,0,28,1,-46,A,5c:62:8b:66:67:d2"
1791390005.553,"B,38387,10,72:3b:01:24:b7:c8,28,1,0,0,-39,S,5c:62:8b:66:67:d2"
1791390005.758,"B,38487,10,5c:62:8b:66:67:d2,0,0,28,1,-47,A,5c:62:8b:66:67:d2"
1791390005.758,"B,38487,10,72:3b:01:24:b7:c8,28,1,0,0,-39,S,5c:62:8b:66:67:d2"
1791390006.165,"B,38887,10,5c:62:8b:66:67:d2,0,0,56,2,-46,A,5c:62:8b:66:67:d2"
1791390006.165,"B,38887,10,72:3b:01:24:b7:c8,56,2,0,0,-37,S,5c:62:8b:66:67:d2"
1791390006.165,"B,38987,10,5c:62:8b:66:67:d2,0,0,28,1,-47,A,5c:62:8b:66:67:d2"
1791390006.165,"B,38987,10,72:3b:01:24:b7:c8,28,1,0,0,-35,S,5c:62:8b:66:67:d2"
1791390006.368,"B,39087,10,5c:62:8b:66:67:d2,0,0,140,5,0,A,5c:62:8b:66:67:d2"
1791390006.368,"B,39087,10,72:3b:01:24:b7:c8,140,5,0,0,-37,S,5c:62:8b:66:67:d2"
1791390006.368,"B,39187,10,5c:62:8b:66:67:d2,84,1,0,0,-49,A,5c:62:8b:66:67:d2"
1791390006.569,"B,39287,10,5c:62:8b:66:67:d2,138,1,28,1,-54,A,5c:62:8b:66:67:d2"
1791390006.569,"B,39287,10,b2:db:ca:e6:29:a6,28,1,0,0,-29,S,5c:62:8b:66:67:d2"
1791390006.569,"B,39287,10,80:af:ca:68:4c:f8,82,1,0,0,-80,A,80:af:ca:68:4c:f8"
1791390006.569,"B,39287,10,52:f3:8a:4b:ff:ac,0,0,82,1,0,S,80:af:ca:68:4c:f8"
1791390006.569,"B,39387,10,5c:62:8b:66:67:d2,0,0,168,6,-47,A,5c:62:8b:66:67:d2"
1791390006.569,"B,39387,10,b2:db:ca:e6:29:a6,56,2,0,0,-28,S,5c:62:8b:66:67:d2"
1791390006.569,"B,39387,10,72:3b:01:24:b7:c8,112,4,0,0,-38,S,5c:62:8b:66:67:d2"
1791390006.569,"B,39487,10,5c:62:8b:66:67:d2,0,0,84,3,-47,A,5c:62:8b:66:67:d2"
1791390006.569,"B,39487,10,b2:db:ca:e6:29:a6,84,3,0,0,-28,S,5c:62:8b:66:67:d2"
1791390006.769,"B,39587,10,5c:62:8b:66:67:d2,0,0,56,2,-47,A,5c:62:8b:66:67:d2"
1791390006.769,"B,39587,10,b2:db:ca:e6:29:a6,56,2,0,0,-28,S,5c:62:8b:66:67:d2"
1791390006.769,"B,39687,10,5c:62:8b:66:67:d2,161,1,140,5,-51,A,5c:62:8b:66:67:d2"
1791390006.769,"B,39687,10,b2:db:ca:e6:29:a6,28,1,0,0,-28,S,5c:62:8b:66:67:d2"
1791390006.974,"B,39687,10,72:3b:01:24:b7:c8,112,4,0,0,-36,S,5c:62:8b:66:67:d2"
1791390006.974,"B,39787,10,5c:62:8b:66:67:d2,0,0,28,1,-47,A,5c:62:8b:66:67:d2"
1791390006.974,"B,39787,10,72:3b:01:24:b7:c8,28,1,0,0,-39,S,5c:62:8b:66:67:d2"
1791390007.380,"I,40099,stat,rx=1246,drops=0,ch=10,bin=100,hop=0,heap=203064"
1791390007.380,"B,40187,10,5c:62:8b:66:67:d2,0,0,28,1,-47,A,5c:62:8b:66:67:d2"
1791390007.380,"B,40187,10,72:3b:01:24:b7:c8,28,1,0,0,-34,S,5c:62:8b:66:67:d2"
1791390007.380,"B,40287,10,5c:62:8b:66:67:d2,175,1,28,1,-50,A,5c:62:8b:66:67:d2"
1791390007.380,"B,40287,10,72:3b:01:24:b7:c8,28,1,0,0,-35,S,5c:62:8b:66:67:d2"
1791390007.992,"B,40787,10,38:d5:7a:f4:5a:37,30,1,0,0,-93,S,46:fb:cf:a9:f4:22"
1791390007.992,"B,40787,10,46:fb:cf:a9:f4:22,0,0,30,1,0,A,46:fb:cf:a9:f4:22"
1791390008.400,"M,41189,slot,6,1"
1791390008.400,"B,41187,10,80:af:ca:68:4c:f8,84,1,0,0,-80,A,80:af:ca:68:4c:f8"
1791390008.601,"B,41387,10,80:af:ca:68:4c:f8,549,1,0,0,-80,A,80:af:ca:68:4c:f8"
1791390009.213,"B,42087,10,5c:62:8b:66:67:d2,0,0,56,2,-46,A,5c:62:8b:66:67:d2"
1791390009.213,"B,42087,10,72:3b:01:24:b7:c8,56,2,0,0,-45,S,5c:62:8b:66:67:d2"
1791390009.417,"B,42187,10,5c:62:8b:66:67:d2,0,0,28,1,-47,A,5c:62:8b:66:67:d2"
1791390009.417,"B,42187,10,72:3b:01:24:b7:c8,28,1,0,0,-35,S,5c:62:8b:66:67:d2"
1791390010.233,"B,43087,10,5c:62:8b:66:67:d2,88,1,0,0,-47,A,5c:62:8b:66:67:d2"
1791390010.439,"B,43187,10,5c:62:8b:66:67:d2,0,0,28,1,-47,A,5c:62:8b:66:67:d2"
1791390010.439,"B,43187,10,72:3b:01:24:b7:c8,28,1,0,0,-39,S,5c:62:8b:66:67:d2"
1791390010.439,"B,43287,10,5c:62:8b:66:67:d2,175,1,28,1,-51,A,5c:62:8b:66:67:d2"
1791390010.439,"B,43287,10,72:3b:01:24:b7:c8,28,1,0,0,-40,S,5c:62:8b:66:67:d2"
1791390010.644,"B,43487,10,38:d5:7a:f4:5a:37,30,1,0,0,-93,S,46:fb:cf:a9:f4:22"
1791390010.644,"B,43487,10,46:fb:cf:a9:f4:22,0,0,30,1,0,A,46:fb:cf:a9:f4:22"
1791390010.849,"B,43587,10,5c:62:8b:66:67:d2,0,0,28,1,-47,A,5c:62:8b:66:67:d2"
1791390010.849,"B,43587,10,b2:db:ca:e6:29:a6,28,1,0,0,-29,S,5c:62:8b:66:67:d2"
1791390010.849,"B,43687,10,5c:62:8b:66:67:d2,0,0,84,3,-48,A,5c:62:8b:66:67:d2"
1791390010.849,"B,43687,10,b2:db:ca:e6:29:a6,84,3,0,0,-27,S,5c:62:8b:66:67:d2"
1791390010.849,"B,43687,10,38:d5:7a:f4:5a:37,60,2,0,0,-97,S,46:fb:cf:a9:f4:22"
1791390010.849,"B,43687,10,46:fb:cf:a9:f4:22,0,0,60,2,0,A,46:fb:cf:a9:f4:22"
1791390011.054,"B,43787,10,5c:62:8b:66:67:d2,0,0,28,1,-47,A,5c:62:8b:66:67:d2"
1791390011.054,"B,43787,10,b2:db:ca:e6:29:a6,28,1,0,0,-28,S,5c:62:8b:66:67:d2"
1791390011.054,"B,43887,10,5c:62:8b:66:67:d2,0,0,28,1,-48,A,5c:62:8b:66:67:d2"
1791390011.054,"B,43887,10,b2:db:ca:e6:29:a6,28,1,0,0,-29,S,5c:62:8b:66:67:d2"
1791390011.259,"B,43987,10,5c:62:8b:66:67:d2,0,0,56,2,-46,A,5c:62:8b:66:67:d2"
1791390011.259,"B,43987,10,b2:db:ca:e6:29:a6,56,2,0,0,-27,S,5c:62:8b:66:67:d2"
1791390011.259,"B,44087,10,5c:62:8b:66:67:d2,0,0,56,2,-47,A,5c:62:8b:66:67:d2"
1791390011.259,"B,44087,10,b2:db:ca:e6:29:a6,56,2,0,0,-27,S,5c:62:8b:66:67:d2"
1791390011.460,"B,44187,10,5c:62:8b:66:67:d2,0,0,84,3,-47,A,5c:62:8b:66:67:d2"
1791390011.460,"B,44187,10,b2:db:ca:e6:29:a6,84,3,0,0,-27,S,5c:62:8b:66:67:d2"
1791390011.460,"B,44287,10,5c:62:8b:66:67:d2,0,0,28,1,-48,A,5c:62:8b:66:67:d2"
1791390011.460,"B,44287,10,b2:db:ca:e6:29:a6,28,1,0,0,-27,S,5c:62:8b:66:67:d2"
1791390011.665,"B,44387,10,5c:62:8b:66:67:d2,0,0,56,2,-46,A,5c:62:8b:66:67:d2"
1791390011.665,"B,44387,10,b2:db:ca:e6:29:a6,56,2,0,0,-27,S,5c:62:8b:66:67:d2"
1791390011.665,"B,44487,10,5c:62:8b:66:67:d2,0,0,112,4,-46,A,5c:62:8b:66:67:d2"
1791390011.665,"B,44487,10,b2:db:ca:e6:29:a6,56,2,0,0,-28,S,5c:62:8b:66:67:d2"
1791390011.665,"B,44487,10,72:3b:01:24:b7:c8,56,2,0,0,-37,S,5c:62:8b:66:67:d2"
1791390011.870,"B,44587,10,5c:62:8b:66:67:d2,0,0,28,1,-46,A,5c:62:8b:66:67:d2"
1791390011.870,"B,44587,10,b2:db:ca:e6:29:a6,28,1,0,0,-27,S,5c:62:8b:66:67:d2"
1791390012.070,"B,44887,10,5c:62:8b:66:67:d2,0,0,28,1,-47,A,5c:62:8b:66:67:d2"
1791390012.070,"B,44887,10,b2:db:ca:e6:29:a6,28,1,0,0,-27,S,5c:62:8b:66:67:d2"
1791390012.070,"B,44987,10,5c:62:8b:66:67:d2,0,0,56,2,-46,A,5c:62:8b:66:67:d2"
1791390012.070,"B,44987,10,b2:db:ca:e6:29:a6,56,2,0,0,-27,S,5c:62:8b:66:67:d2"
1791390012.271,"B,45087,10,5c:62:8b:66:67:d2,0,0,56,2,-46,A,5c:62:8b:66:67:d2"
1791390012.271,"B,45087,10,b2:db:ca:e6:29:a6,56,2,0,0,-28,S,5c:62:8b:66:67:d2"
1791390012.271,"B,45087,10,38:d5:7a:f4:5a:37,30,1,0,0,-95,S,46:fb:cf:a9:f4:22"
1791390012.271,"B,45087,10,46:fb:cf:a9:f4:22,0,0,30,1,0,A,46:fb:cf:a9:f4:22"
1791390012.271,"I,45100,stat,rx=1404,drops=0,ch=10,bin=100,hop=0,heap=203064"
1791390012.271,"B,45187,10,5c:62:8b:66:67:d2,0,0,56,2,-47,A,5c:62:8b:66:67:d2"
1791390012.271,"B,45187,10,b2:db:ca:e6:29:a6,56,2,0,0,-27,S,5c:62:8b:66:67:d2"
1791390012.271,"B,45187,10,38:d5:7a:f4:5a:37,30,1,0,0,-96,S,46:fb:cf:a9:f4:22"
1791390012.271,"B,45187,10,46:fb:cf:a9:f4:22,0,0,30,1,0,A,46:fb:cf:a9:f4:22"
1791390012.472,"B,45287,10,5c:62:8b:66:67:d2,0,0,28,1,-47,A,5c:62:8b:66:67:d2"
1791390012.472,"B,45287,10,b2:db:ca:e6:29:a6,28,1,0,0,-27,S,5c:62:8b:66:67:d2"
1791390012.472,"B,45287,10,38:d5:7a:f4:5a:37,30,1,0,0,-95,S,46:fb:cf:a9:f4:22"
1791390012.472,"B,45287,10,46:fb:cf:a9:f4:22,0,0,30,1,0,A,46:fb:cf:a9:f4:22"
1791390012.472,"B,45387,10,5c:62:8b:66:67:d2,0,0,56,2,-47,A,5c:62:8b:66:67:d2"
1791390012.472,"B,45387,10,b2:db:ca:e6:29:a6,56,2,0,0,-28,S,5c:62:8b:66:67:d2"
1791390012.673,"B,45487,10,5c:62:8b:66:67:d2,0,0,28,1,-48,A,5c:62:8b:66:67:d2"
1791390012.673,"B,45487,10,b2:db:ca:e6:29:a6,28,1,0,0,-27,S,5c:62:8b:66:67:d2"
1791390012.673,"B,45587,10,38:d5:7a:f4:5a:37,30,1,0,0,-93,S,46:fb:cf:a9:f4:22"
1791390012.673,"B,45587,10,46:fb:cf:a9:f4:22,0,0,30,1,0,A,46:fb:cf:a9:f4:22"
1791390012.874,"B,45687,10,5c:62:8b:66:67:d2,0,0,84,3,-46,A,5c:62:8b:66:67:d2"
1791390012.874,"B,45687,10,b2:db:ca:e6:29:a6,84,3,0,0,-27,S,5c:62:8b:66:67:d2"
1791390012.874,"B,45787,10,5c:62:8b:66:67:d2,82,1,56,2,-50,A,5c:62:8b:66:67:d2"
1791390012.874,"B,45787,10,b2:db:ca:e6:29:a6,56,2,82,1,-27,S,5c:62:8b:66:67:d2"
1791390013.076,"B,45887,10,5c:62:8b:66:67:d2,0,0,56,2,-48,A,5c:62:8b:66:67:d2"
1791390013.076,"B,45887,10,b2:db:ca:e6:29:a6,56,2,0,0,-27,S,5c:62:8b:66:67:d2"
1791390013.076,"B,45887,10,38:d5:7a:f4:5a:37,30,1,0,0,-97,S,46:fb:cf:a9:f4:22"
1791390013.076,"B,45887,10,46:fb:cf:a9:f4:22,0,0,30,1,0,A,46:fb:cf:a9:f4:22"
1791390013.076,"B,45987,10,5c:62:8b:66:67:d2,0,0,84,3,-47,A,5c:62:8b:66:67:d2"
1791390013.076,"B,45987,10,b2:db:ca:e6:29:a6,84,3,0,0,-27,S,5c:62:8b:66:67:d2"
1791390013.278,"B,46087,10,5c:62:8b:66:67:d2,0,0,56,2,-47,A,5c:62:8b:66:67:d2"
1791390013.278,"B,46087,10,b2:db:ca:e6:29:a6,56,2,0,0,-26,S,5c:62:8b:66:67:d2"
1791390013.278,"B,46187,10,5c:62:8b:66:67:d2,0,0,56,2,-48,A,5c:62:8b:66:67:d2"
1791390013.278,"B,46187,10,b2:db:ca:e6:29:a6,56,2,0,0,-28,S,5c:62:8b:66:67:d2"
1791390013.482,"M,46263,slot,7,1"
1791390013.482,"B,46287,10,5c:62:8b:66:67:d2,0,0,84,3,-50,A,5c:62:8b:66:67:d2"
1791390013.482,"B,46287,10,b2:db:ca:e6:29:a6,84,3,0,0,-27,S,5c:62:8b:66:67:d2"
1791390013.482,"B,46387,10,5c:62:8b:66:67:d2,0,0,28,1,-48,A,5c:62:8b:66:67:d2"
1791390013.482,"B,46387,10,b2:db:ca:e6:29:a6,28,1,0,0,-27,S,5c:62:8b:66:67:d2"
1791390013.683,"B,46487,10,5c:62:8b:66:67:d2,0,0,28,1,-49,A,5c:62:8b:66:67:d2"
1791390013.683,"B,46487,10,b2:db:ca:e6:29:a6,28,1,0,0,-27,S,5c:62:8b:66:67:d2"
1791390013.683,"B,46587,10,5c:62:8b:66:67:d2,0,0,56,2,-50,A,5c:62:8b:66:67:d2"
1791390013.683,"B,46587,10,b2:db:ca:e6:29:a6,56,2,0,0,-28,S,5c:62:8b:66:67:d2"
1791390013.888,"B,46687,10,5c:62:8b:66:67:d2,0,0,28,1,-49,A,5c:62:8b:66:67:d2"
1791390013.888,"B,46687,10,b2:db:ca:e6:29:a6,28,1,0,0,-27,S,5c:62:8b:66:67:d2"
1791390013.888,"B,46787,10,5c:62:8b:66:67:d2,0,0,28,1,-48,A,5c:62:8b:66:67:d2"
1791390013.888,"B,46787,10,b2:db:ca:e6:29:a6,28,1,0,0,-27,S,5c:62:8b:66:67:d2"
1791390014.500,"B,47387,10,38:d5:7a:f4:5a:37,30,1,0,0,-93,S,46:fb:cf:a9:f4:22"
1791390014.500,"B,47387,10,46:fb:cf:a9:f4:22,0,0,30,1,0,A,46:fb:cf:a9:f4:22"
1791390014.900,"B,47687,10,38:d5:7a:f4:5a:37,30,1,0,0,-94,S,46:fb:cf:a9:f4:22"
1791390014.900,"B,47687,10,46:fb:cf:a9:f4:22,0,0,30,1,0,A,46:fb:cf:a9:f4:22"
1791390014.900,"B,47787,10,38:d5:7a:f4:5a:37,30,1,0,0,-94,S,46:fb:cf:a9:f4:22"
1791390014.900,"B,47787,10,46:fb:cf:a9:f4:22,0,0,30,1,0,A,46:fb:cf:a9:f4:22"
1791390015.105,"B,47887,10,38:d5:7a:f4:5a:37,30,1,0,0,-94,S,46:fb:cf:a9:f4:22"
1791390015.105,"B,47887,10,46:fb:cf:a9:f4:22,0,0,30,1,0,A,46:fb:cf:a9:f4:22"
1791390015.105,"B,47987,10,38:d5:7a:f4:5a:37,30,1,0,0,-96,S,46:fb:cf:a9:f4:22"
1791390015.105,"B,47987,10,46:fb:cf:a9:f4:22,0,0,30,1,0,A,46:fb:cf:a9:f4:22"
1791390015.310,"B,48087,10,38:d5:7a:f4:5a:37,30,1,0,0,-92,S,46:fb:cf:a9:f4:22"
1791390015.310,"B,48087,10,46:fb:cf:a9:f4:22,0,0,30,1,0,A,46:fb:cf:a9:f4:22"
1791390015.310,"B,48187,10,38:d5:7a:f4:5a:37,60,2,0,0,-95,S,46:fb:cf:a9:f4:22"
1791390015.310,"B,48187,10,46:fb:cf:a9:f4:22,0,0,60,2,0,A,46:fb:cf:a9:f4:22"
1791390015.515,"B,48287,10,38:d5:7a:f4:5a:37,90,3,0,0,-95,S,46:fb:cf:a9:f4:22"
1791390015.515,"B,48287,10,46:fb:cf:a9:f4:22,0,0,90,3,0,A,46:fb:cf:a9:f4:22"
1791390015.515,"B,48387,10,38:d5:7a:f4:5a:37,60,2,0,0,-92,S,46:fb:cf:a9:f4:22"
1791390015.515,"B,48387,10,46:fb:cf:a9:f4:22,0,0,60,2,0,A,46:fb:cf:a9:f4:22"
1791390015.717,"B,48487,10,38:d5:7a:f4:5a:37,60,2,0,0,-92,S,46:fb:cf:a9:f4:22"
1791390015.717,"B,48487,10,46:fb:cf:a9:f4:22,0,0,60,2,0,A,46:fb:cf:a9:f4:22"
1791390015.923,"B,48687,10,38:d5:7a:f4:5a:37,30,1,0,0,-93,S,46:fb:cf:a9:f4:22"
1791390015.923,"B,48687,10,46:fb:cf:a9:f4:22,0,0,30,1,0,A,46:fb:cf:a9:f4:22"
1791390015.923,"B,48787,10,38:d5:7a:f4:5a:37,120,4,0,0,-91,S,46:fb:cf:a9:f4:22"
1791390015.923,"B,48787,10,46:fb:cf:a9:f4:22,0,0,120,4,0,A,46:fb:cf:a9:f4:22"
1791390016.128,"B,48887,10,38:d5:7a:f4:5a:37,60,2,0,0,-92,S,46:fb:cf:a9:f4:22"
1791390016.128,"B,48887,10,46:fb:cf:a9:f4:22,0,0,60,2,0,A,46:fb:cf:a9:f4:22"
1791390016.538,"B,49287,10,38:d5:7a:f4:5a:37,30,1,0,0,-93,S,46:fb:cf:a9:f4:22"
1791390016.538,"B,49287,10,46:fb:cf:a9:f4:22,0,0,30,1,0,A,46:fb:cf:a9:f4:22"
1791390016.743,"B,49487,10,38:d5:7a:f4:5a:37,30,1,0,0,-89,S,46:fb:cf:a9:f4:22"
1791390016.743,"B,49487,10,46:fb:cf:a9:f4:22,0,0,30,1,0,A,46:fb:cf:a9:f4:22"
1791390016.948,"B,49787,10,38:d5:7a:f4:5a:37,30,1,0,0,-94,S,46:fb:cf:a9:f4:22"
1791390016.948,"B,49787,10,46:fb:cf:a9:f4:22,0,0,30,1,0,A,46:fb:cf:a9:f4:22"
1791390017.151,"B,49887,10,38:d5:7a:f4:5a:37,30,1,0,0,-94,S,46:fb:cf:a9:f4:22"
1791390017.151,"B,49887,10,46:fb:cf:a9:f4:22,0,0,30,1,0,A,46:fb:cf:a9:f4:22"
1791390017.352,"B,50087,10,38:d5:7a:f4:5a:37,30,1,0,0,-95,S,46:fb:cf:a9:f4:22"
1791390017.352,"B,50087,10,46:fb:cf:a9:f4:22,0,0,30,1,0,A,46:fb:cf:a9:f4:22"
1791390017.352,"I,50103,stat,rx=1564,drops=0,ch=10,bin=100,hop=0,heap=203064"
1791390017.557,"B,50387,10,80:af:ca:68:4c:f8,84,1,0,0,-81,A,80:af:ca:68:4c:f8"
1791390018.167,"B,50887,10,5c:62:8b:66:67:d2,0,0,56,2,-46,A,5c:62:8b:66:67:d2"
1791390018.167,"B,50887,10,b2:db:ca:e6:29:a6,56,2,0,0,-25,S,5c:62:8b:66:67:d2"
1791390018.167,"B,50987,10,80:af:ca:68:4c:f8,84,1,0,0,-81,A,80:af:ca:68:4c:f8"
1791390018.167,"B,50987,10,38:d5:7a:f4:5a:37,30,1,0,0,-92,S,46:fb:cf:a9:f4:22"
1791390018.167,"B,50987,10,46:fb:cf:a9:f4:22,0,0,30,1,0,A,46:fb:cf:a9:f4:22"
1791390018.167,"B,51087,10,5c:62:8b:66:67:d2,0,0,28,1,-47,A,5c:62:8b:66:67:d2"
1791390018.167,"B,51087,10,b2:db:ca:e6:29:a6,28,1,0,0,-25,S,5c:62:8b:66:67:d2"
1791390018.367,"B,51287,10,5c:62:8b:66:67:d2,0,0,56,2,-47,A,5c:62:8b:66:67:d2"
1791390018.567,"B,51287,10,b2:db:ca:e6:29:a6,56,2,0,0,-26,S,5c:62:8b:66:67:d2"
1791390018.567,"B,51287,10,38:d5:7a:f4:5a:37,30,1,0,0,-96,S,46:fb:cf:a9:f4:22"
1791390018.567,"B,51287,10,46:fb:cf:a9:f4:22,0,0,30,1,0,A,46:fb:cf:a9:f4:22"
1791390018.567,"M,51339,slot,8,0"
1791390018.567,"B,51387,10,5c:62:8b:66:67:d2,0,0,56,2,-47,A,5c:62:8b:66:67:d2"
1791390018.567,"B,51387,10,b2:db:ca:e6:29:a6,56,2,0,0,-26,S,5c:62:8b:66:67:d2"
1791390018.567,"B,51487,10,5c:62:8b:66:67:d2,0,0,28,1,-47,A,5c:62:8b:66:67:d2"
1791390018.567,"B,51487,10,b2:db:ca:e6:29:a6,28,1,0,0,-26,S,5c:62:8b:66:67:d2"
1791390018.767,"B,51487,10,38:d5:7a:f4:5a:37,60,2,0,0,-93,S,46:fb:cf:a9:f4:22"
1791390018.767,"B,51487,10,46:fb:cf:a9:f4:22,0,0,60,2,0,A,46:fb:cf:a9:f4:22"
1791390018.767,"B,51587,10,5c:62:8b:66:67:d2,0,0,112,4,-47,A,5c:62:8b:66:67:d2"
1791390018.767,"B,51587,10,b2:db:ca:e6:29:a6,112,4,0,0,-26,S,5c:62:8b:66:67:d2"
1791390018.767,"B,51587,10,38:d5:7a:f4:5a:37,60,2,0,0,-92,S,46:fb:cf:a9:f4:22"
1791390018.767,"B,51587,10,46:fb:cf:a9:f4:22,0,0,60,2,0,A,46:fb:cf:a9:f4:22"
1791390018.767,"B,51687,10,5c:62:8b:66:67:d2,0,0,56,2,-48,A,5c:62:8b:66:67:d2"
1791390018.968,"B,51687,10,b2:db:ca:e6:29:a6,56,2,0,0,-27,S,5c:62:8b:66:67:d2"
1791390018.968,"B,51687,10,38:d5:7a:f4:5a:37,60,2,0,0,-94,S,46:fb:cf:a9:f4:22"
1791390018.968,"B,51687,10,46:fb:cf:a9:f4:22,0,0,60,2,0,A,46:fb:cf:a9:f4:22"
1791390018.968,"B,51787,10,5c:62:8b:66:67:d2,0,0,28,1,-47,A,5c:62:8b:66:67:d2"
1791390018.968,"B,51787,10,b2:db:ca:e6:29:a6,28,1,0,0,-28,S,5c:62:8b:66:67:d2"
1791390018.968,"B,51787,10,38:d5:7a:f4:5a:37,30,1,0,0,-95,S,46:fb:cf:a9:f4:22"
1791390018.968,"B,51787,10,46:fb:cf:a9:f4:22,0,0,30,1,0,A,46:fb:cf:a9:f4:22"
1791390018.968,"B,51887,10,5c:62:8b:66:67:d2,0,0,28,1,-46,A,5c:62:8b:66:67:d2"
1791390018.968,"B,51887,10,b2:db:ca:e6:29:a6,28,1,0,0,-26,S,5c:62:8b:66:67:d2"
1791390019.173,"B,51887,10,38:d5:7a:f4:5a:37,60,2,0,0,-92,S,46:fb:cf:a9:f4:22"
1791390019.173,"B,51887,10,46:fb:cf:a9:f4:22,0,0,60,2,0,A,46:fb:cf:a9:f4:22"
1791390019.377,"B,52187,10,5c:62:8b:66:67:d2,0,0,28,1,-47,A,5c:62:8b:66:67:d2"
1791390019.377,"B,52187,10,b2:db:ca:e6:29:a6,28,1,0,0,-28,S,5c:62:8b:66:67:d2"
1791390019.377,"B,52187,10,38:d5:7a:f4:5a:37,30,1,0,0,-97,S,46:fb:cf:a9:f4:22"
1791390019.377,"B,52187,10,46:fb:cf:a9:f4:22,0,0,30,1,0,A,46:fb:cf:a9:f4:22"
1791390019.578,"B,52387,10,5c:62:8b:66:67:d2,0,0,84,3,-46,A,5c:62:8b:66:67:d2"
1791390019.578,"B,52387,10,b2:db:ca:e6:29:a6,84,3,0,0,-26,S,5c:62:8b:66:67:d2"
1791390019.578,"B,52487,10,5c:62:8b:66:67:d2,0,0,56,2,-48,A,5c:62:8b:66:67:d2"
1791390019.578,"B,52487,10,b2:db:ca:e6:29:a6,56,2,0,0,-26,S,5c:62:8b:66:67:d2"
1791390019.578,"B,52487,10,38:d5:7a:f4:5a:37,60,2,0,0,-91,S,46:fb:cf:a9:f4:22"
1791390019.578,"B,52487,10,46:fb:cf:a9:f4:22,0,0,60,2,0,A,46:fb:cf:a9:f4:22"
1791390019.780,"B,52587,10,5c:62:8b:66:67:d2,0,0,84,3,-47,A,5c:62:8b:66:67:d2"
1791390019.780,"B,52587,10,b2:db:ca:e6:29:a6,84,3,0,0,-26,S,5c:62:8b:66:67:d2"
1791390019.780,"B,52587,10,38:d5:7a:f4:5a:37,30,1,0,0,-94,S,46:fb:cf:a9:f4:22"
1791390019.780,"B,52587,10,46:fb:cf:a9:f4:22,0,0,30,1,0,A,46:fb:cf:a9:f4:22"
1791390019.780,"B,52687,10,5c:62:8b:66:67:d2,0,0,28,1,-47,A,5c:62:8b:66:67:d2"
1791390019.780,"B,52687,10,b2:db:ca:e6:29:a6,28,1,0,0,-28,S,5c:62:8b:66:67:d2"
1791390019.780,"B,52687,10,38:d5:7a:f4:5a:37,60,2,0,0,-96,S,46:fb:cf:a9:f4:22"
1791390019.780,"B,52687,10,46:fb:cf:a9:f4:22,0,0,60,2,0,A,46:fb:cf:a9:f4:22"
1791390019.982,"B,52887,10,5c:62:8b:66:67:d2,0,0,56,2,-47,A,5c:62:8b:66:67:d2"
1791390019.982,"B,52887,10,b2:db:ca:e6:29:a6,56,2,0,0,-27,S,5c:62:8b:66:67:d2"
1791390019.982,"B,52887,10,38:d5:7a:f4:5a:37,30,1,0,0,-96,S,46:fb:cf:a9:f4:22"
1791390019.982,"B,52887,10,46:fb:cf:a9:f4:22,0,0,30,1,0,A,46:fb:cf:a9:f4:22"
1791390020.184,"B,53087,10,5c:62:8b:66:67:d2,0,0,56,2,-47,A,5c:62:8b:66:67:d2"
1791390020.184,"B,53087,10,b2:db:ca:e6:29:a6,56,2,0,0,-27,S,5c:62:8b:66:67:d2"
1791390020.184,"B,53087,10,38:d5:7a:f4:5a:37,30,1,0,0,-93,S,46:fb:cf:a9:f4:22"
1791390020.184,"B,53087,10,46:fb:cf:a9:f4:22,0,0,30,1,0,A,46:fb:cf:a9:f4:22"
1791390020.389,"B,53187,10,5c:62:8b:66:67:d2,0,0,28,1,-47,A,5c:62:8b:66:67:d2"
1791390020.389,"B,53187,10,b2:db:ca:e6:29:a6,28,1,0,0,-27,S,5c:62:8b:66:67:d2"
1791390020.389,"B,53187,10,38:d5:7a:f4:5a:37,90,3,0,0,-94,S,46:fb:cf:a9:f4:22"
1791390020.389,"B,53187,10,46:fb:cf:a9:f4:22,0,0,90,3,0,A,46:fb:cf:a9:f4:22"
1791390020.389,"B,53287,10,38:d5:7a:f4:5a:37,30,1,0,0,-92,S,46:fb:cf:a9:f4:22"
1791390020.389,"B,53287,10,46:fb:cf:a9:f4:22,0,0,30,1,0,A,46:fb:cf:a9:f4:22"
1791390020.590,"B,53387,10,38:d5:7a:f4:5a:37,30,1,0,0,-94,S,46:fb:cf:a9:f4:22"
1791390020.590,"B,53387,10,46:fb:cf:a9:f4:22,0,0,30,1,0,A,46:fb:cf:a9:f4:22"
1791390020.795,"B,53587,10,38:d5:7a:f4:5a:37,30,1,0,0,-94,S,46:fb:cf:a9:f4:22"
1791390020.795,"B,53587,10,46:fb:cf:a9:f4:22,0,0,30,1,0,A,46:fb:cf:a9:f4:22"
1791390020.795,"B,53687,10,38:d5:7a:f4:5a:37,30,1,0,0,-96,S,46:fb:cf:a9:f4:22"
1791390020.795,"B,53687,10,46:fb:cf:a9:f4:22,0,0,30,1,0,A,46:fb:cf:a9:f4:22"
1791390021.000,"B,53787,10,38:d5:7a:f4:5a:37,30,1,0,0,-95,S,46:fb:cf:a9:f4:22"
1791390021.000,"B,53787,10,46:fb:cf:a9:f4:22,0,0,30,1,0,A,46:fb:cf:a9:f4:22"
1791390021.000,"B,53887,10,38:d5:7a:f4:5a:37,30,1,0,0,-93,S,46:fb:cf:a9:f4:22"
1791390021.000,"B,53887,10,46:fb:cf:a9:f4:22,0,0,30,1,0,A,46:fb:cf:a9:f4:22"
1791390021.205,"B,53987,10,38:d5:7a:f4:5a:37,30,1,0,0,-91,S,46:fb:cf:a9:f4:22"
1791390021.205,"B,53987,10,46:fb:cf:a9:f4:22,0,0,30,1,0,A,46:fb:cf:a9:f4:22"
1791390021.410,"B,54187,10,38:d5:7a:f4:5a:37,60,2,0,0,-95,S,46:fb:cf:a9:f4:22"
1791390021.410,"B,54187,10,46:fb:cf:a9:f4:22,0,0,60,2,0,A,46:fb:cf:a9:f4:22"
1791390021.612,"B,54487,10,80:af:ca:68:4c:f8,382,1,0,0,-82,A,80:af:ca:68:4c:f8"
1791390021.612,"B,54487,10,52:f3:8a:4b:ff:ac,0,0,382,1,0,S,80:af:ca:68:4c:f8"
1791390021.817,"B,54587,10,38:d5:7a:f4:5a:37,60,2,0,0,-92,S,46:fb:cf:a9:f4:22"
1791390021.817,"B,54587,10,46:fb:cf:a9:f4:22,0,0,60,2,0,A,46:fb:cf:a9:f4:22"
1791390021.817,"B,54687,10,38:d5:7a:f4:5a:37,30,1,0,0,-96,S,46:fb:cf:a9:f4:22"
1791390021.817,"B,54687,10,46:fb:cf:a9:f4:22,0,0,30,1,0,A,46:fb:cf:a9:f4:22"
1791390022.019,"B,54787,10,38:d5:7a:f4:5a:37,60,2,0,0,-92,S,46:fb:cf:a9:f4:22"
1791390022.019,"B,54787,10,46:fb:cf:a9:f4:22,0,0,60,2,0,A,46:fb:cf:a9:f4:22"
1791390022.224,"I,55103,stat,rx=1730,drops=0,ch=10,bin=100,hop=0,heap=203064"
1791390022.429,"B,55287,10,38:d5:7a:f4:5a:37,30,1,0,0,-94,S,46:fb:cf:a9:f4:22"
1791390022.429,"B,55287,10,46:fb:cf:a9:f4:22,0,0,30,1,0,A,46:fb:cf:a9:f4:22"
1791390022.838,"B,55587,10,38:d5:7a:f4:5a:37,30,1,0,0,-95,S,46:fb:cf:a9:f4:22"
1791390022.838,"B,55587,10,46:fb:cf:a9:f4:22,0,0,30,1,0,A,46:fb:cf:a9:f4:22"
1791390022.838,"B,55687,10,5c:62:8b:66:67:d2,0,0,56,2,-46,A,5c:62:8b:66:67:d2"
1791390022.838,"B,55687,10,b2:db:ca:e6:29:a6,56,2,0,0,-28,S,5c:62:8b:66:67:d2"
1791390022.838,"B,55687,10,38:d5:7a:f4:5a:37,60,2,0,0,-95,S,46:fb:cf:a9:f4:22"
1791390022.838,"B,55687,10,46:fb:cf:a9:f4:22,0,0,60,2,0,A,46:fb:cf:a9:f4:22"
1791390023.041,"B,55787,10,5c:62:8b:66:67:d2,0,0,140,5,-47,A,5c:62:8b:66:67:d2"
1791390023.041,"B,55787,10,b2:db:ca:e6:29:a6,140,5,0,0,-27,S,5c:62:8b:66:67:d2"
1791390023.041,"B,55887,10,5c:62:8b:66:67:d2,0,0,28,1,-46,A,5c:62:8b:66:67:d2"
1791390023.041,"B,55887,10,b2:db:ca:e6:29:a6,28,1,0,0,-28,S,5c:62:8b:66:67:d2"
1791390023.246,"B,55987,10,5c:62:8b:66:67:d2,0,0,28,1,-47,A,5c:62:8b:66:67:d2"
1791390023.246,"B,55987,10,b2:db:ca:e6:29:a6,28,1,0,0,-26,S,5c:62:8b:66:67:d2"
1791390023.246,"B,56087,10,5c:62:8b:66:67:d2,0,0,56,2,-48,A,5c:62:8b:66:67:d2"
1791390023.246,"B,56087,10,b2:db:ca:e6:29:a6,56,2,0,0,-27,S,5c:62:8b:66:67:d2"
1791390023.451,"B,56187,10,5c:62:8b:66:67:d2,0,0,56,2,-46,A,5c:62:8b:66:67:d2"
1791390023.451,"B,56187,10,b2:db:ca:e6:29:a6,56,2,0,0,-26,S,5c:62:8b:66:67:d2"
1791390023.451,"B,56287,10,5c:62:8b:66:67:d2,0,0,28,1,0,A,5c:62:8b:66:67:d2"
1791390023.451,"B,56287,10,b2:db:ca:e6:29:a6,28,1,0,0,-28,S,5c:62:8b:66:67:d2"
1791390023.656,"B,56387,10,5c:62:8b:66:67:d2,0,0,84,3,-46,A,5c:62:8b:66:67:d2"
1791390023.656,"B,56387,10,b2:db:ca:e6:29:a6,84,3,0,0,-25,S,5c:62:8b:66:67:d2"
1791390023.656,"M,56412,slot,9,0"
1791390023.656,"B,56487,10,5c:62:8b:66:67:d2,0,0,28,1,-46,A,5c:62:8b:66:67:d2"
1791390023.656,"B,56487,10,b2:db:ca:e6:29:a6,28,1,0,0,-27,S,5c:62:8b:66:67:d2"
1791390023.857,"B,56587,10,5c:62:8b:66:67:d2,0,0,56,2,-47,A,5c:62:8b:66:67:d2"
1791390023.857,"B,56587,10,b2:db:ca:e6:29:a6,56,2,0,0,-26,S,5c:62:8b:66:67:d2"
1791390023.857,"B,56687,10,5c:62:8b:66:67:d2,0,0,56,2,-48,A,5c:62:8b:66:67:d2"
1791390023.857,"B,56687,10,b2:db:ca:e6:29:a6,56,2,0,0,-25,S,5c:62:8b:66:67:d2"
1791390023.857,"B,56687,10,38:d5:7a:f4:5a:37,30,1,0,0,-96,S,46:fb:cf:a9:f4:22"
1791390023.857,"B,56687,10,46:fb:cf:a9:f4:22,0,0,30,1,0,A,46:fb:cf:a9:f4:22"
1791390024.062,"B,56787,10,5c:62:8b:66:67:d2,0,0,84,3,-47,A,5c:62:8b:66:67:d2"
1791390024.062,"B,56787,10,b2:db:ca:e6:29:a6,84,3,0,0,-25,S,5c:62:8b:66:67:d2"
1791390024.062,"B,56887,10,5c:62:8b:66:67:d2,0,0,28,1,-46,A,5c:62:8b:66:67:d2"
1791390024.062,"B,56887,10,b2:db:ca:e6:29:a6,28,1,0,0,-25,S,5c:62:8b:66:67:d2"
1791390024.062,"B,56887,10,80:af:ca:68:4c:f8,104,1,0,0,-82,A,80:af:ca:68:4c:f8"
1791390024.264,"B,56987,10,5c:62:8b:66:67:d2,0,0,28,1,-47,A,5c:62:8b:66:67:d2"
1791390024.264,"B,56987,10,b2:db:ca:e6:29:a6,28,1,0,0,-29,S,5c:62:8b:66:67:d2"
1791390024.264,"B,56987,10,80:af:ca:68:4c:f8,84,1,0,0,-82,A,80:af:ca:68:4c:f8"
1791390024.264,"B,56987,10,38:d5:7a:f4:5a:37,30,1,0,0,-93,S,46:fb:cf:a9:f4:22"
1791390024.264,"B,56987,10,46:fb:cf:a9:f4:22,0,0,30,1,0,A,46:fb:cf:a9:f4:22"
1791390024.465,"B,57187,10,5c:62:8b:66:67:d2,0,0,168,6,-44,A,5c:62:8b:66:67:d2"
1791390024.465,"B,57187,10,b2:db:ca:e6:29:a6,168,6,0,0,-26,S,5c:62:8b:66:67:d2"
1791390024.465,"B,57287,10,5c:62:8b:66:67:d2,0,0,84,3,-47,A,5c:62:8b:66:67:d2"
1791390024.465,"B,57287,10,b2:db:ca:e6:29:a6,84,3,0,0,-26,S,5c:62:8b:66:67:d2"
1791390024.666,"B,57387,10,5c:62:8b:66:67:d2,0,0,28,1,-46,A,5c:62:8b:66:67:d2"
1791390024.666,"B,57387,10,b2:db:ca:e6:29:a6,28,1,0,0,-26,S,5c:62:8b:66:67:d2"
1791390024.666,"B,57487,10,5c:62:8b:66:67:d2,0,0,56,2,-46,A,5c:62:8b:66:67:d2"
1791390024.666,"B,57487,10,b2:db:ca:e6:29:a6,56,2,0,0,-26,S,5c:62:8b:66:67:d2"
1791390024.867,"B,57587,10,5c:62:8b:66:67:d2,0,0,56,2,-47,A,5c:62:8b:66:67:d2"
1791390024.867,"B,57587,10,b2:db:ca:e6:29:a6,56,2,0,0,-28,S,5c:62:8b:66:67:d2"
1791390024.867,"B,57687,10,5c:62:8b:66:67:d2,0,0,56,2,-48,A,5c:62:8b:66:67:d2"
1791390024.867,"B,57687,10,b2:db:ca:e6:29:a6,56,2,0,0,-27,S,5c:62:8b:66:67:d2"
1791390024.867,"B,57787,10,5c:62:8b:66:67:d2,0,0,56,2,-48,A,5c:62:8b:66:67:d2"
1791390025.070,"B,57787,10,b2:db:ca:e6:29:a6,56,2,0,0,-27,S,5c:62:8b:66:67:d2"
1791390025.070,"B,57887,10,5c:62:8b:66:67:d2,0,0,28,1,-48,A,5c:62:8b:66:67:d2"
1791390025.070,"B,57887,10,b2:db:ca:e6:29:a6,28,1,0,0,-27,S,5c:62:8b:66:67:d2"
1791390025.270,"B,58087,10,5c:62:8b:66:67:d2,0,0,56,2,-48,A,5c:62:8b:66:67:d2"
1791390025.270,"B,58087,10,b2:db:ca:e6:29:a6,56,2,0,0,-27,S,5c:62:8b:66:67:d2"
1791390025.270,"B,58187,10,5c:62:8b:66:67:d2,0,0,56,2,-49,A,5c:62:8b:66:67:d2"
1791390025.270,"B,58187,10,b2:db:ca:e6:29:a6,56,2,0,0,-27,S,5c:62:8b:66:67:d2"
1791390025.471,"B,58287,10,5c:62:8b:66:67:d2,0,0,56,2,-48,A,5c:62:8b:66:67:d2"
1791390025.471,"B,58287,10,b2:db:ca:e6:29:a6,56,2,0,0,-28,S,5c:62:8b:66:67:d2"
1791390025.471,"B,58387,10,5c:62:8b:66:67:d2,0,0,28,1,-47,A,5c:62:8b:66:67:d2"
1791390025.471,"B,58387,10,b2:db:ca:e6:29:a6,28,1,0,0,-28,S,5c:62:8b:66:67:d2"
1791390026.081,"B,58987,10,80:af:ca:68:4c:f8,104,1,0,0,-86,A,80:af:ca:68:4c:f8"
1791390027.098,"B,59887,10,5c:62:8b:66:67:d2,0,0,56,2,-46,A,5c:62:8b:66:67:d2"
1791390027.098,"B,59887,10,b2:db:ca:e6:29:a6,56,2,0,0,-28,S,5c:62:8b:66:67:d2"
1791390027.304,"B,60087,10,5c:62:8b:66:67:d2,0,0,84,3,-46,A,5c:62:8b:66:67:d2"
1791390027.304,"B,60087,10,b2:db:ca:e6:29:a6,84,3,0,0,-28,S,5c:62:8b:66:67:d2"
1791390027.304,"I,60107,stat,rx=1887,drops=0,ch=10,bin=100,hop=0,heap=203064"
1791390027.304,"B,60187,10,5c:62:8b:66:67:d2,0,0,28,1,-47,A,5c:62:8b:66:67:d2"
1791390027.304,"B,60187,10,b2:db:ca:e6:29:a6,28,1,0,0,-27,S,5c:62:8b:66:67:d2"
1791390027.509,"B,60287,10,5c:62:8b:66:67:d2,0,0,56,2,-48,A,5c:62:8b:66:67:d2"
1791390027.509,"B,60287,10,b2:db:ca:e6:29:a6,56,2,0,0,-28,S,5c:62:8b:66:67:d2"
1791390027.509,"B,60387,10,5c:62:8b:66:67:d2,0,0,56,2,-47,A,5c:62:8b:66:67:d2"
1791390027.509,"B,60387,10,b2:db:ca:e6:29:a6,56,2,0,0,-28,S,5c:62:8b:66:67:d2"
1791390027.713,"B,60487,10,5c:62:8b:66:67:d2,0,0,28,1,0,A,5c:62:8b:66:67:d2"
1791390027.713,"B,60487,10,b2:db:ca:e6:29:a6,28,1,0,0,-27,S,5c:62:8b:66:67:d2"
1791390027.713,"B,60587,10,5c:62:8b:66:67:d2,0,0,252,9,-48,A,5c:62:8b:66:67:d2"
1791390027.713,"B,60587,10,b2:db:ca:e6:29:a6,252,9,0,0,-26,S,5c:62:8b:66:67:d2"
1791390027.918,"B,60687,10,5c:62:8b:66:67:d2,0,0,56,2,-48,A,5c:62:8b:66:67:d2"
1791390027.918,"B,60687,10,b2:db:ca:e6:29:a6,56,2,0,0,-29,S,5c:62:8b:66:67:d2"
1791390027.918,"B,60787,10,5c:62:8b:66:67:d2,0,0,28,1,-48,A,5c:62:8b:66:67:d2"
1791390027.918,"B,60787,10,b2:db:ca:e6:29:a6,28,1,0,0,-30,S,5c:62:8b:66:67:d2"
1791390027.918,"B,60787,10,38:d5:7a:f4:5a:37,30,1,0,0,-94,S,46:fb:cf:a9:f4:22"
1791390027.918,"B,60787,10,46:fb:cf:a9:f4:22,0,0,30,1,0,A,46:fb:cf:a9:f4:22"
1791390028.120,"B,60887,10,5c:62:8b:66:67:d2,0,0,56,2,-47,A,5c:62:8b:66:67:d2"
1791390028.120,"B,60887,10,b2:db:ca:e6:29:a6,56,2,0,0,-28,S,5c:62:8b:66:67:d2"
1791390028.120,"B,60987,10,5c:62:8b:66:67:d2,0,0,84,3,-46,A,5c:62:8b:66:67:d2"
1791390028.120,"B,60987,10,b2:db:ca:e6:29:a6,84,3,0,0,-28,S,5c:62:8b:66:67:d2"
1791390028.120,"B,60987,10,80:af:ca:68:4c:f8,104,1,0,0,-83,A,80:af:ca:68:4c:f8"
1791390028.323,"B,61087,10,5c:62:8b:66:67:d2,0,0,28,1,-47,A,5c:62:8b:66:67:d2"
1791390028.323,"B,61087,10,b2:db:ca:e6:29:a6,28,1,0,0,-30,S,5c:62:8b:66:67:d2"
1791390028.323,"B,61187,10,5c:62:8b:66:67:d2,0,0,28,1,-46,A,5c:62:8b:66:67:d2"
1791390028.323,"B,61187,10,b2:db:ca:e6:29:a6,28,1,0,0,-29,S,5c:62:8b:66:67:d2"
1791390028.528,"B,61387,10,5c:62:8b:66:67:d2,0,0,28,1,-46,A,5c:62:8b:66:67:d2"
1791390028.528,"B,61387,10,b2:db:ca:e6:29:a6,28,1,0,0,-29,S,5c:62:8b:66:67:d2"
1791390028.733,"B,61487,10,5c:62:8b:66:67:d2,0,0,84,3,-46,A,5c:62:8b:66:67:d2"
1791390028.733,"B,61487,10,b2:db:ca:e6:29:a6,84,3,0,0,-27,S,5c:62:8b:66:67:d2"
1791390028.733,"M,61496,slot,10,0"
1791390028.733,"B,61587,10,5c:62:8b:66:67:d2,0,0,56,2,-46,A,5c:62:8b:66:67:d2"
1791390028.733,"B,61587,10,b2:db:ca:e6:29:a6,56,2,0,0,-28,S,5c:62:8b:66:67:d2"
1791390028.933,"B,61687,10,5c:62:8b:66:67:d2,0,0,28,1,-45,A,5c:62:8b:66:67:d2"
1791390028.933,"B,61687,10,b2:db:ca:e6:29:a6,28,1,0,0,-27,S,5c:62:8b:66:67:d2"
1791390028.933,"B,61787,10,5c:62:8b:66:67:d2,0,0,56,2,-45,A,5c:62:8b:66:67:d2"
1791390028.933,"B,61787,10,b2:db:ca:e6:29:a6,56,2,0,0,-29,S,5c:62:8b:66:67:d2"
1791390028.933,"B,61787,10,38:d5:7a:f4:5a:37,30,1,0,0,-96,S,46:fb:cf:a9:f4:22"
1791390028.933,"B,61787,10,46:fb:cf:a9:f4:22,0,0,30,1,0,A,46:fb:cf:a9:f4:22"
1791390029.135,"B,61887,10,5c:62:8b:66:67:d2,0,0,56,2,-44,A,5c:62:8b:66:67:d2"
1791390029.135,"B,61887,10,b2:db:ca:e6:29:a6,56,2,0,0,-29,S,5c:62:8b:66:67:d2"
1791390029.135,"B,61987,10,5c:62:8b:66:67:d2,0,0,56,2,-46,A,5c:62:8b:66:67:d2"
1791390029.135,"B,61987,10,b2:db:ca:e6:29:a6,56,2,0,0,-28,S,5c:62:8b:66:67:d2"
1791390029.340,"B,62087,10,5c:62:8b:66:67:d2,0,0,28,1,-45,A,5c:62:8b:66:67:d2"
1791390029.340,"B,62087,10,b2:db:ca:e6:29:a6,28,1,0,0,-29,S,5c:62:8b:66:67:d2"
1791390029.340,"B,62187,10,5c:62:8b:66:67:d2,0,0,28,1,-45,A,5c:62:8b:66:67:d2"
1791390029.340,"B,62187,10,b2:db:ca:e6:29:a6,28,1,0,0,-28,S,5c:62:8b:66:67:d2"
1791390029.543,"B,62287,10,5c:62:8b:66:67:d2,0,0,56,2,-45,A,5c:62:8b:66:67:d2"
1791390029.543,"B,62287,10,b2:db:ca:e6:29:a6,56,2,0,0,-30,S,5c:62:8b:66:67:d2"
1791390029.543,"B,62387,10,5c:62:8b:66:67:d2,0,0,84,3,-45,A,5c:62:8b:66:67:d2"
1791390029.543,"B,62387,10,b2:db:ca:e6:29:a6,84,3,0,0,-29,S,5c:62:8b:66:67:d2"
1791390029.748,"B,62487,10,5c:62:8b:66:67:d2,0,0,56,2,-44,A,5c:62:8b:66:67:d2"
1791390029.748,"B,62487,10,b2:db:ca:e6:29:a6,56,2,0,0,-27,S,5c:62:8b:66:67:d2"
1791390029.950,"B,62687,10,5c:62:8b:66:67:d2,0,0,84,3,-46,A,5c:62:8b:66:67:d2"
1791390029.950,"B,62687,10,b2:db:ca:e6:29:a6,84,3,0,0,-28,S,5c:62:8b:66:67:d2"
1791390030.152,"B,62887,10,5c:62:8b:66:67:d2,0,0,56,2,-46,A,5c:62:8b:66:67:d2"
1791390030.152,"B,62887,10,b2:db:ca:e6:29:a6,56,2,0,0,-30,S,5c:62:8b:66:67:d2"
1791390030.152,"B,62987,10,80:af:ca:68:4c:f8,104,1,0,0,-85,A,80:af:ca:68:4c:f8"
1791390030.357,"B,63087,10,5c:62:8b:66:67:d2,0,0,84,3,-47,A,5c:62:8b:66:67:d2"
1791390030.357,"B,63087,10,b2:db:ca:e6:29:a6,84,3,0,0,-28,S,5c:62:8b:66:67:d2"
1791390030.357,"B,63187,10,5c:62:8b:66:67:d2,0,0,28,1,-46,A,5c:62:8b:66:67:d2"
1791390030.357,"B,63187,10,b2:db:ca:e6:29:a6,28,1,0,0,-29,S,5c:62:8b:66:67:d2"
1791390030.562,"B,63287,10,5c:62:8b:66:67:d2,0,0,28,1,-46,A,5c:62:8b:66:67:d2"
1791390030.562,"B,63287,10,b2:db:ca:e6:29:a6,28,1,0,0,-30,S,5c:62:8b:66:67:d2"
1791390030.767,"B,63487,10,5c:62:8b:66:67:d2,0,0,28,1,-46,A,5c:62:8b:66:67:d2"
1791390030.767,"B,63487,10,b2:db:ca:e6:29:a6,28,1,0,0,-28,S,5c:62:8b:66:67:d2"
1791390030.767,"B,63587,10,5c:62:8b:66:67:d2,0,0,28,1,-47,A,5c:62:8b:66:67:d2"
1791390030.767,"B,63587,10,b2:db:ca:e6:29:a6,28,1,0,0,-28,S,5c:62:8b:66:67:d2"
1791390030.972,"B,63687,10,5c:62:8b:66:67:d2,0,0,28,1,-47,A,5c:62:8b:66:67:d2"
1791390030.972,"B,63687,10,b2:db:ca:e6:29:a6,28,1,0,0,-28,S,5c:62:8b:66:67:d2"
1791390030.972,"B,63787,10,5c:62:8b:66:67:d2,0,0,28,1,-47,A,5c:62:8b:66:67:d2"
1791390030.972,"B,63787,10,b2:db:ca:e6:29:a6,28,1,0,0,-28,S,5c:62:8b:66:67:d2"
1791390031.382,"B,64187,10,38:d5:7a:f4:5a:37,30,1,0,0,-93,S,46:fb:cf:a9:f4:22"
1791390031.382,"B,64187,10,46:fb:cf:a9:f4:22,0,0,30,1,0,A,46:fb:cf:a9:f4:22"
1791390031.997,"B,64787,10,38:d5:7a:f4:5a:37,30,1,0,0,-95,S,46:fb:cf:a9:f4:22"
1791390031.997,"B,64787,10,46:fb:cf:a9:f4:22,0,0,30,1,0,A,46:fb:cf:a9:f4:22"
1791390031.997,"B,64887,10,38:d5:7a:f4:5a:37,30,1,0,0,-93,S,46:fb:cf:a9:f4:22"
1791390031.997,"B,64887,10,46:fb:cf:a9:f4:22,0,0,30,1,0,A,46:fb:cf:a9:f4:22"
1791390032.200,"B,64987,10,38:d5:7a:f4:5a:37,30,1,0,0,-92,S,46:fb:cf:a9:f4:22"
1791390032.200,"B,64987,10,46:fb:cf:a9:f4:22,0,0,30,1,0,A,46:fb:cf:a9:f4:22"
1791390032.200,"B,65087,10,5c:62:8b:66:67:d2,0,0,28,1,-46,A,5c:62:8b:66:67:d2"
1791390032.200,"B,65087,10,b2:db:ca:e6:29:a6,28,1,0,0,-28,S,5c:62:8b:66:67:d2"
1791390032.200,"B,65087,10,38:d5:7a:f4:5a:37,30,1,0,0,-94,S,46:fb:cf:a9:f4:22"
1791390032.200,"B,65087,10,46:fb:cf:a9:f4:22,0,0,30,1,0,A,46:fb:cf:a9:f4:22"
1791390032.200,"I,65109,stat,rx=2037,drops=0,ch=10,bin=100,hop=0,heap=203064"
1791390032.403,"B,65187,10,5c:62:8b:66:67:d2,0,0,84,3,-47,A,5c:62:8b:66:67:d2"
1791390032.403,"B,65187,10,b2:db:ca:e6:29:a6,84,3,0,0,-28,S,5c:62:8b:66:67:d2"
1791390032.403,"B,65287,10,5c:62:8b:66:67:d2,0,0,28,1,-47,A,5c:62:8b:66:67:d2"
1791390032.403,"B,65287,10,b2:db:ca:e6:29:a6,28,1,0,0,-28,S,5c:62:8b:66:67:d2"
1791390032.608,"B,65387,10,5c:62:8b:66:67:d2,0,0,56,2,-46,A,5c:62:8b:66:67:d2"
1791390032.608,"B,65387,10,b2:db:ca:e6:29:a6,56,2,0,0,-27,S,5c:62:8b:66:67:d2"
1791390032.608,"B,65487,10,5c:62:8b:66:67:d2,0,0,28,1,-46,A,5c:62:8b:66:67:d2"
1791390032.608,"B,65487,10,b2:db:ca:e6:29:a6,28,1,0,0,-28,S,5c:62:8b:66:67:d2"
1791390032.813,"B,65687,10,5c:62:8b:66:67:d2,0,0,56,2,-46,A,5c:62:8b:66:67:d2"
1791390032.813,"B,65687,10,b2:db:ca:e6:29:a6,56,2,0,0,-29,S,5c:62:8b:66:67:d2"
1791390033.019,"B,65787,10,5c:62:8b:66:67:d2,0,0,56,2,-48,A,5c:62:8b:66:67:d2"
1791390033.019,"B,65787,10,b2:db:ca:e6:29:a6,56,2,0,0,-28,S,5c:62:8b:66:67:d2"
1791390033.019,"B,65887,10,5c:62:8b:66:67:d2,0,0,56,2,-46,A,5c:62:8b:66:67:d2"
1791390033.019,"B,65887,10,b2:db:ca:e6:29:a6,56,2,0,0,-30,S,5c:62:8b:66:67:d2"
1791390033.220,"B,65987,10,5c:62:8b:66:67:d2,0,0,56,2,-47,A,5c:62:8b:66:67:d2"
1791390033.220,"B,65987,10,b2:db:ca:e6:29:a6,56,2,0,0,-28,S,5c:62:8b:66:67:d2"
1791390033.220,"B,66087,10,5c:62:8b:66:67:d2,0,0,56,2,-46,A,5c:62:8b:66:67:d2"
1791390033.220,"B,66087,10,b2:db:ca:e6:29:a6,56,2,0,0,-29,S,5c:62:8b:66:67:d2"
1791390033.425,"B,66187,10,5c:62:8b:66:67:d2,0,0,56,2,-46,A,5c:62:8b:66:67:d2"
1791390033.425,"B,66187,10,b2:db:ca:e6:29:a6,56,2,0,0,-28,S,5c:62:8b:66:67:d2"
1791390033.425,"B,66187,10,80:af:ca:68:4c:f8,84,1,0,0,-85,A,80:af:ca:68:4c:f8"
1791390033.425,"B,66287,10,5c:62:8b:66:67:d2,0,0,28,1,-46,A,5c:62:8b:66:67:d2"
1791390033.425,"B,66287,10,b2:db:ca:e6:29:a6,28,1,0,0,-28,S,5c:62:8b:66:67:d2"
1791390033.425,"B,66287,10,38:d5:7a:f4:5a:37,30,1,0,0,-93,S,46:fb:cf:a9:f4:22"
1791390033.425,"B,66287,10,46:fb:cf:a9:f4:22,0,0,30,1,0,A,46:fb:cf:a9:f4:22"
1791390033.630,"B,66387,10,5c:62:8b:66:67:d2,0,0,28,1,-46,A,5c:62:8b:66:67:d2"
1791390033.630,"B,66387,10,b2:db:ca:e6:29:a6,28,1,0,0,-28,S,5c:62:8b:66:67:d2"
1791390033.630,"B,66487,10,5c:62:8b:66:67:d2,0,0,56,2,-46,A,5c:62:8b:66:67:d2"
1791390033.630,"B,66487,10,b2:db:ca:e6:29:a6,56,2,0,0,-28,S,5c:62:8b:66:67:d2"
1791390033.835,"M,66580,slot,11,1"
1791390033.835,"B,66587,10,5c:62:8b:66:67:d2,0,0,56,2,-46,A,5c:62:8b:66:67:d2"
1791390033.835,"B,66587,10,b2:db:ca:e6:29:a6,56,2,0,0,-27,S,5c:62:8b:66:67:d2"
1791390033.835,"B,66687,10,5c:62:8b:66:67:d2,0,0,56,2,-47,A,5c:62:8b:66:67:d2"
1791390033.835,"B,66687,10,b2:db:ca:e6:29:a6,56,2,0,0,-29,S,5c:62:8b:66:67:d2"
1791390034.040,"B,66787,10,5c:62:8b:66:67:d2,0,0,84,3,-47,A,5c:62:8b:66:67:d2"
1791390034.040,"B,66787,10,b2:db:ca:e6:29:a6,84,3,0,0,-26,S,5c:62:8b:66:67:d2"
1791390034.040,"B,66787,10,80:af:ca:68:4c:f8,84,1,0,0,-87,A,80:af:ca:68:4c:f8"
1791390034.241,"B,66987,10,80:af:ca:68:4c:f8,188,2,0,0,-85,A,80:af:ca:68:4c:f8"
1791390034.446,"B,67187,10,38:d5:7a:f4:5a:37,30,1,0,0,-94,S,46:fb:cf:a9:f4:22"
1791390034.446,"B,67187,10,46:fb:cf:a9:f4:22,0,0,30,1,0,A,46:fb:cf:a9:f4:22"
1791390034.650,"B,67387,10,38:d5:7a:f4:5a:37,90,3,0,0,-91,S,46:fb:cf:a9:f4:22"
1791390034.650,"B,67487,10,38:d5:7a:f4:5a:37,60,2,0,0,-92,S,46:fb:cf:a9:f4:22"
1791390034.650,"B,67487,10,46:fb:cf:a9:f4:22,0,0,60,2,0,A,46:fb:cf:a9:f4:22"
1791390035.261,"B,67987,10,5c:62:8b:66:67:d2,0,0,28,1,-45,A,5c:62:8b:66:67:d2"
1791390035.261,"B,67987,10,72:3b:01:24:b7:c8,28,1,0,0,-45,S,5c:62:8b:66:67:d2"
1791390035.261,"B,68087,10,5c:62:8b:66:67:d2,0,0,28,1,-45,A,5c:62:8b:66:67:d2"
1791390035.261,"B,68087,10,b2:db:ca:e6:29:a6,28,1,0,0,-28,S,5c:62:8b:66:67:d2"
1791390035.261,"B,68087,10,38:d5:7a:f4:5a:37,30,1,0,0,-92,S,46:fb:cf:a9:f4:22"
1791390035.261,"B,68087,10,46:fb:cf:a9:f4:22,0,0,30,1,0,A,46:fb:cf:a9:f4:22"
1791390035.462,"B,68187,10,5c:62:8b:66:67:d2,0,0,56,2,-45,A,5c:62:8b:66:67:d2"
1791390035.462,"B,68187,10,b2:db:ca:e6:29:a6,56,2,0,0,-28,S,5c:62:8b:66:67:d2"
1791390035.462,"B,68287,10,5c:62:8b:66:67:d2,0,0,56,2,-44,A,5c:62:8b:66:67:d2"
1791390035.462,"B,68287,10,b2:db:ca:e6:29:a6,56,2,0,0,-27,S,5c:62:8b:66:67:d2"
1791390035.667,"B,68487,10,5c:62:8b:66:67:d2,0,0,84,3,-44,A,5c:62:8b:66:67:d2"
1791390035.667,"B,68487,10,b2:db:ca:e6:29:a6,84,3,0,0,-28,S,5c:62:8b:66:67:d2"
1791390035.867,"B,68587,10,5c:62:8b:66:67:d2,0,0,28,1,-45,A,5c:62:8b:66:67:d2"
1791390035.867,"B,68587,10,b2:db:ca:e6:29:a6,28,1,0,0,-27,S,5c:62:8b:66:67:d2"
1791390035.867,"B,68587,10,38:d5:7a:f4:5a:37,30,1,0,0,-93,S,46:fb:cf:a9:f4:22"
1791390035.867,"B,68587,10,46:fb:cf:a9:f4:22,0,0,30,1,0,A,46:fb:cf:a9:f4:22"
1791390036.067,"B,68787,10,38:d5:7a:f4:5a:37,30,1,0,0,-94,S,46:fb:cf:a9:f4:22"
1791390036.067,"B,68787,10,46:fb:cf:a9:f4:22,0,0,30,1,0,A,46:fb:cf:a9:f4:22"
1791390036.067,"B,68887,10,38:d5:7a:f4:5a:37,30,1,0,0,-96,S,46:fb:cf:a9:f4:22"
1791390036.067,"B,68887,10,46:fb:cf:a9:f4:22,0,0,30,1,0,A,46:fb:cf:a9:f4:22"
1791390036.067,"B,68987,10,5c:62:8b:66:67:d2,0,0,112,4,-44,A,5c:62:8b:66:67:d2"
1791390036.067,"B,68987,10,b2:db:ca:e6:29:a6,112,4,0,0,-27,S,5c:62:8b:66:67:d2"
1791390036.067,"B,68987,10,80:af:ca:68:4c:f8,104,1,0,0,-84,A,80:af:ca:68:4c:f8"
1791390036.268,"B,69087,10,5c:62:8b:66:67:d2,0,0,84,3,-46,A,5c:62:8b:66:67:d2"
1791390036.268,"B,69087,10,b2:db:ca:e6:29:a6,56,2,0,0,-27,S,5c:62:8b:66:67:d2"
1791390036.268,"B,69087,10,72:3b:01:24:b7:c8,28,1,0,0,-33,S,5c:62:8b:66:67:d2"
1791390036.268,"B,69187,10,5c:62:8b:66:67:d2,84,1,140,5,-47,A,5c:62:8b:66:67:d2"
1791390036.268,"B,69187,10,b2:db:ca:e6:29:a6,28,1,0,0,-27,S,5c:62:8b:66:67:d2"
1791390036.268,"B,69187,10,72:3b:01:24:b7:c8,112,4,0,0,-33,S,5c:62:8b:66:67:d2"
1791390036.469,"B,69287,10,5c:62:8b:66:67:d2,138,1,112,4,-48,A,5c:62:8b:66:67:d2"
1791390036.469,"B,69287,10,b2:db:ca:e6:29:a6,56,2,0,0,-27,S,5c:62:8b:66:67:d2"
1791390036.469,"B,69287,10,72:3b:01:24:b7:c8,56,2,0,0,-37,S,5c:62:8b:66:67:d2"
1791390036.469,"B,69387,10,5c:62:8b:66:67:d2,0,0,280,10,-45,A,5c:62:8b:66:67:d2"
1791390036.469,"B,69387,10,b2:db:ca:e6:29:a6,84,3,0,0,-27,S,5c:62:8b:66:67:d2"
1791390036.469,"B,69387,10,72:3b:01:24:b7:c8,196,7,0,0,-36,S,5c:62:8b:66:67:d2"
1791390036.669,"B,69487,10,5c:62:8b:66:67:d2,0,0,252,9,-46,A,5c:62:8b:66:67:d2"
1791390036.669,"B,69487,10,b2:db:ca:e6:29:a6,28,1,0,0,-27,S,5c:62:8b:66:67:d2"
1791390036.669,"B,69487,10,72:3b:01:24:b7:c8,224,8,0,0,-37,S,5c:62:8b:66:67:d2"
1791390036.669,"B,69587,10,5c:62:8b:66:67:d2,0,0,280,10,-46,A,5c:62:8b:66:67:d2"
1791390036.669,"B,69587,10,72:3b:01:24:b7:c8,280,10,0,0,-37,S,5c:62:8b:66:67:d2"
1791390036.669,"B,69587,10,38:d5:7a:f4:5a:37,30,1,0,0,-92,S,46:fb:cf:a9:f4:22"
1791390036.870,"B,69587,10,46:fb:cf:a9:f4:22,0,0,30,1,0,A,46:fb:cf:a9:f4:22"
1791390036.870,"B,69687,10,5c:62:8b:66:67:d2,161,1,112,4,-47,A,5c:62:8b:66:67:d2"
1791390036.870,"B,69687,10,b2:db:ca:e6:29:a6,56,2,0,0,-26,S,5c:62:8b:66:67:d2"
1791390036.870,"B,69687,10,72:3b:01:24:b7:c8,56,2,0,0,-38,S,5c:62:8b:66:67:d2"
1791390036.870,"B,69787,10,5c:62:8b:66:67:d2,0,0,140,5,-46,A,5c:62:8b:66:67:d2"
1791390036.870,"B,69787,10,b2:db:ca:e6:29:a6,56,2,0,0,-28,S,5c:62:8b:66:67:d2"
1791390036.870,"B,69787,10,72:3b:01:24:b7:c8,84,3,0,0,-37,S,5c:62:8b:66:67:d2"
1791390037.071,"B,69887,10,5c:62:8b:66:67:d2,0,0,112,4,-46,A,5c:62:8b:66:67:d2"
1791390037.071,"B,69887,10,b2:db:ca:e6:29:a6,56,2,0,0,-28,S,5c:62:8b:66:67:d2"
1791390037.071,"B,69887,10,72:3b:01:24:b7:c8,56,2,0,0,-34,S,5c:62:8b:66:67:d2"
1791390037.071,"B,69887,10,38:d5:7a:f4:5a:37,30,1,0,0,-92,S,46:fb:cf:a9:f4:22"
1791390037.071,"B,69887,10,46:fb:cf:a9:f4:22,0,0,30,1,0,A,46:fb:cf:a9:f4:22"
1791390037.071,"B,69987,10,5c:62:8b:66:67:d2,0,0,56,2,-45,A,5c:62:8b:66:67:d2"
1791390037.071,"B,69987,10,b2:db:ca:e6:29:a6,56,2,0,0,-28,S,5c:62:8b:66:67:d2"
1791390037.273,"B,70087,10,5c:62:8b:66:67:d2,0,0,56,2,-45,A,5c:62:8b:66:67:d2"
1791390037.273,"B,70087,10,b2:db:ca:e6:29:a6,56,2,0,0,-28,S,5c:62:8b:66:67:d2"
1791390037.273,"B,70087,10,38:d5:7a:f4:5a:37,30,1,0,0,-94,S,46:fb:cf:a9:f4:22"
1791390037.273,"B,70087,10,46:fb:cf:a9:f4:22,0,0,30,1,0,A,46:fb:cf:a9:f4:22"
1791390037.273,"I,70112,stat,rx=2285,drops=0,ch=10,bin=100,hop=0,heap=203064"
1791390037.273,"B,70187,10,5c:62:8b:66:67:d2,0,0,56,2,-46,A,5c:62:8b:66:67:d2"
1791390037.273,"B,70187,10,b2:db:ca:e6:29:a6,28,1,0,0,-29,S,5c:62:8b:66:67:d2"
1791390037.273,"B,70187,10,72:3b:01:24:b7:c8,28,1,0,0,-36,S,5c:62:8b:66:67:d2"
1791390037.474,"B,70287,10,5c:62:8b:66:67:d2,175,1,112,4,-48,A,5c:62:8b:66:67:d2"
1791390037.474,"B,70287,10,72:3b:01:24:b7:c8,112,4,0,0,-37,S,5c:62:8b:66:67:d2"
1791390037.474,"B,70287,10,38:d5:7a:f4:5a:37,30,1,0,0,-96,S,46:fb:cf:a9:f4:22"
1791390037.474,"B,70287,10,46:fb:cf:a9:f4:22,0,0,30,1,0,A,46:fb:cf:a9:f4:22"
1791390037.474,"B,70387,10,5c:62:8b:66:67:d2,0,0,112,4,-46,A,5c:62:8b:66:67:d2"
1791390037.474,"B,70387,10,72:3b:01:24:b7:c8,112,4,0,0,-35,S,5c:62:8b:66:67:d2"
1791390037.474,"B,70387,10,38:d5:7a:f4:5a:37,30,1,0,0,-94,S,46:fb:cf:a9:f4:22"
1791390037.474,"B,70387,10,46:fb:cf:a9:f4:22,0,0,30,1,0,A,46:fb:cf:a9:f4:22"
1791390037.883,"B,70787,10,5c:62:8b:66:67:d2,0,0,56,2,-44,A,5c:62:8b:66:67:d2"
1791390037.883,"B,70787,10,72:3b:01:24:b7:c8,56,2,0,0,-37,S,5c:62:8b:66:67:d2"
1791390038.087,"B,70887,10,5c:62:8b:66:67:d2,0,0,224,8,-45,A,5c:62:8b:66:67:d2"
1791390038.087,"B,70887,10,72:3b:01:24:b7:c8,224,8,0,0,-37,S,5c:62:8b:66:67:d2"
1791390038.087,"B,70887,10,38:d5:7a:f4:5a:37,30,1,0,0,-95,S,46:fb:cf:a9:f4:22"
1791390038.087,"B,70887,10,46:fb:cf:a9:f4:22,0,0,30,1,0,A,46:fb:cf:a9:f4:22"
1791390038.087,"B,70987,10,5c:62:8b:66:67:d2,0,0,84,3,-45,A,5c:62:8b:66:67:d2"
1791390038.087,"B,70987,10,72:3b:01:24:b7:c8,84,3,0,0,-37,S,5c:62:8b:66:67:d2"
1791390038.290,"B,71087,10,5c:62:8b:66:67:d2,0,0,112,4,-45,A,5c:62:8b:66:67:d2"
1791390038.290,"B,71087,10,b2:db:ca:e6:29:a6,28,1,0,0,-29,S,5c:62:8b:66:67:d2"
1791390038.290,"B,71087,10,80:af:ca:68:4c:f8,485,1,0,0,-88,A,80:af:ca:68:4c:f8"
1791390038.290,"B,71087,10,72:3b:01:24:b7:c8,84,3,0,0,-38,S,5c:62:8b:66:67:d2"
1791390038.290,"B,71187,10,5c:62:8b:66:67:d2,0,0,168,6,-45,A,5c:62:8b:66:67:d2"
1791390038.290,"B,71187,10,b2:db:ca:e6:29:a6,56,2,0,0,-28,S,5c:62:8b:66:67:d2"
1791390038.290,"B,71187,10,72:3b:01:24:b7:c8,112,4,0,0,-38,S,5c:62:8b:66:67:d2"
1791390038.492,"B,71287,10,5c:62:8b:66:67:d2,0,0,84,3,-45,A,5c:62:8b:66:67:d2"
1791390038.492,"B,71287,10,b2:db:ca:e6:29:a6,28,1,0,0,-29,S,5c:62:8b:66:67:d2"
1791390038.492,"B,71287,10,72:3b:01:24:b7:c8,56,2,0,0,-37,S,5c:62:8b:66:67:d2"
1791390038.492,"B,71387,10,5c:62:8b:66:67:d2,0,0,84,3,-45,A,5c:62:8b:66:67:d2"
1791390038.492,"B,71387,10,80:af:ca:68:4c:f8,1042,2,0,0,-84,A,80:af:ca:68:4c:f8"
1791390038.492,"B,71387,10,72:3b:01:24:b7:c8,84,3,0,0,-37,S,5c:62:8b:66:67:d2"
1791390038.698,"B,71487,10,5c:62:8b:66:67:d2,0,0,196,7,-46,A,5c:62:8b:66:67:d2"
1791390038.698,"B,71487,10,72:3b:01:24:b7:c8,196,7,0,0,-37,S,5c:62:8b:66:67:d2"
1791390038.698,"B,71487,10,38:d5:7a:f4:5a:37,30,1,0,0,-93,S,46:fb:cf:a9:f4:22"
1791390038.698,"B,71487,10,46:fb:cf:a9:f4:22,0,0,30,1,0,A,46:fb:cf:a9:f4:22"
1791390038.698,"B,71587,10,5c:62:8b:66:67:d2,0,0,420,15,-46,A,5c:62:8b:66:67:d2"
1791390038.698,"B,71587,10,72:3b:01:24:b7:c8,420,15,0,0,-32,S,5c:62:8b:66:67:d2"
1791390038.698,"B,71587,10,38:d5:7a:f4:5a:37,30,1,0,0,-95,S,46:fb:cf:a9:f4:22"
1791390038.698,"B,71587,10,46:fb:cf:a9:f4:22,0,0,30,1,0,A,46:fb:cf:a9:f4:22"
1791390038.900,"M,71668,end"
1791390038.900,"B,71687,10,5c:62:8b:66:67:d2,0,0,84,3,-45,A,5c:62:8b:66:67:d2"
1791390038.900,"B,71687,10,80:af:ca:68:4c:f8,84,1,0,0,-85,A,80:af:ca:68:4c:f8"
1791390038.900,"B,71687,10,72:3b:01:24:b7:c8,84,3,0,0,-35,S,5c:62:8b:66:67:d2"
1791390038.900,"B,71687,10,38:d5:7a:f4:5a:37,30,1,0,0,-91,S,46:fb:cf:a9:f4:22"
1791390038.900,"B,71687,10,46:fb:cf:a9:f4:22,0,0,30,1,0,A,46:fb:cf:a9:f4:22"
1791390038.900,"B,71787,10,5c:62:8b:66:67:d2,0,0,224,8,-46,A,5c:62:8b:66:67:d2"
1791390038.900,"B,71787,10,72:3b:01:24:b7:c8,224,8,0,0,-37,S,5c:62:8b:66:67:d2"
1791390039.105,"B,71887,10,5c:62:8b:66:67:d2,0,0,84,3,-45,A,5c:62:8b:66:67:d2"
1791390039.105,"B,71887,10,72:3b:01:24:b7:c8,84,3,0,0,-38,S,5c:62:8b:66:67:d2"
1791390039.310,"B,72087,10,5c:62:8b:66:67:d2,0,0,28,1,-45,A,5c:62:8b:66:67:d2"
1791390039.310,"B,72087,10,b2:db:ca:e6:29:a6,28,1,0,0,-29,S,5c:62:8b:66:67:d2"
1791390039.310,"B,72087,10,38:d5:7a:f4:5a:37,30,1,0,0,-94,S,46:fb:cf:a9:f4:22"
1791390039.310,"B,72087,10,46:fb:cf:a9:f4:22,0,0,30,1,0,A,46:fb:cf:a9:f4:22"
1791390039.310,"B,72187,10,5c:62:8b:66:67:d2,0,0,56,2,-45,A,5c:62:8b:66:67:d2"
1791390039.310,"B,72187,10,b2:db:ca:e6:29:a6,56,2,0,0,-29,S,5c:62:8b:66:67:d2"
1791390039.515,"B,72287,10,5c:62:8b:66:67:d2,0,0,28,1,-46,A,5c:62:8b:66:67:d2"
1791390039.515,"B,72287,10,b2:db:ca:e6:29:a6,28,1,0,0,-30,S,5c:62:8b:66:67:d2"
1791390039.515,"B,72387,10,5c:62:8b:66:67:d2,0,0,196,7,-46,A,5c:62:8b:66:67:d2"
1791390039.515,"B,72387,10,b2:db:ca:e6:29:a6,56,2,0,0,-29,S,5c:62:8b:66:67:d2"
1791390039.515,"B,72387,10,72:3b:01:24:b7:c8,140,5,0,0,-36,S,5c:62:8b:66:67:d2"
1791390039.720,"B,72487,10,5c:62:8b:66:67:d2,0,0,112,4,-46,A,5c:62:8b:66:67:d2"
1791390039.720,"B,72487,10,b2:db:ca:e6:29:a6,56,2,0,0,-29,S,5c:62:8b:66:67:d2"
1791390039.720,"B,72487,10,72:3b:01:24:b7:c8,56,2,0,0,-35,S,5c:62:8b:66:67:d2"
1791390039.720,"B,72587,10,5c:62:8b:66:67:d2,0,0,56,2,-45,A,5c:62:8b:66:67:d2"
1791390039.720,"B,72587,10,72:3b:01:24:b7:c8,56,2,0,0,-37,S,5c:62:8b:66:67:d2"
1791390039.926,"B,72687,10,5c:62:8b:66:67:d2,0,0,168,6,-46,A,5c:62:8b:66:67:d2"
1791390039.926,"B,72687,10,b2:db:ca:e6:29:a6,84,3,0,0,-29,S,5c:62:8b:66:67:d2"
1791390039.926,"B,72687,10,72:3b:01:24:b7:c8,84,3,0,0,-37,S,5c:62:8b:66:67:d2"
1791390039.926,"B,72787,10,5c:62:8b:66:67:d2,0,0,140,5,-46,A,5c:62:8b:66:67:d2"
1791390039.926,"B,72787,10,b2:db:ca:e6:29:a6,28,1,0,0,-28,S,5c:62:8b:66:67:d2"
1791390039.926,"B,72787,10,72:3b:01:24:b7:c8,112,4,0,0,-37,S,5c:62:8b:66:67:d2"
