mac,tx_kBps,rx_kBps,tx_frames,rx_frames,rssi_med,role,bssid,ch,vendor
72:3b:01:24:b7:c8,0.4381481481481481,0.0,169,0,-44.0,S,5c:62:8b:66:67:d2,10,(random)
b2:db:ca:e6:29:a6,0.31888888888888883,0.0,123,0,-30.0,S,5c:62:8b:66:67:d2,10,(random)
d2:cf:53:d5:b8:26,0.012962962962962963,0.0,5,0,-89.0,S,46:fb:cf:a9:f4:22,10,(random)
c2:a5:dd:1b:60:3b,0.007592592592592592,0.0,1,0,-75.0,A,c2:a5:dd:1b:60:3b,1,(random)
f4:28:9d:ce:e6:09,0.00537037037037037,0.0,2,0,-88.0,S,c4:16:88:9a:06:5c,1,
2c:0d:a7:d7:7c:3d,0.0,0.007592592592592592,0,1,,S,c2:a5:dd:1b:60:3b,1,
46:fb:cf:a9:f4:22,0.0,0.012962962962962963,0,5,,A,46:fb:cf:a9:f4:22,10,(random)
5c:62:8b:66:67:d2,0.0,0.757037037037037,0,292,-52.0,A,5c:62:8b:66:67:d2,10,
c4:16:88:9a:06:5c,0.0,0.00537037037037037,0,2,-88.0,A,c4:16:88:9a:06:5c,1,
